<?xml version = '1.0' encoding = 'UTF-8'?>
<Diagram class="oracle.dbtools.crest.swingui.relational.DPVRelational" name="Relational_1" id="508BEFC6-858A-00D7-F802-B8C89F63FD37">
<createdBy>karol</createdBy>
<modifiedBy>karol</modifiedBy>
<createdTime>2024-01-09 22:38:23 UTC</createdTime>
<autoRoute>false</autoRoute>
<boxInbox>true</boxInbox>
<showLegend>false</showLegend>
<showLabels>false</showLabels>
<showRelAttributes>false</showRelAttributes>
<gridEnabled>false</gridEnabled>
<showGrid>false</showGrid>
<diagramColor>-1</diagramColor>
<display>false</display>
<notation>1</notation>
<objectViews>
<OView class="oracle.dbtools.crest.swingui.relational.TVTable" oid="0C3B7877-EBFB-7E2E-7958-7AC1934A5CD9" otype="Table" vid="5EF5D8C9-BF91-DC46-1829-F8E568B5CA33">
<hideElementsInCurrentOnly>false</hideElementsInCurrentOnly>
<bounds x="1282" y="46" width="260" height="126"/>
</OView>
<OView class="oracle.dbtools.crest.swingui.relational.TVTable" oid="0D63B4C6-D365-D878-B034-CF3D41BD5C1B" otype="Table" vid="AC7E0EB8-E369-B6A9-DA45-0A9C7627B940">
<hideElementsInCurrentOnly>false</hideElementsInCurrentOnly>
<bounds x="60" y="17" width="316" height="277"/>
</OView>
<OView class="oracle.dbtools.crest.swingui.relational.TVTable" oid="17463188-AC0F-5D69-1C44-835E913FF2BC" otype="Table" vid="F5507BB7-C6DC-FC0C-9FA1-4AE3E7887FB7">
<hideElementsInCurrentOnly>false</hideElementsInCurrentOnly>
<bounds x="70" y="1114" width="287" height="167"/>
</OView>
<OView class="oracle.dbtools.crest.swingui.relational.TVTable" oid="20636009-74AD-80A7-914E-617FE9FF52B6" otype="Table" vid="4BD5F2BB-7EC3-50CD-B0A4-9147B8044093">
<hideElementsInCurrentOnly>false</hideElementsInCurrentOnly>
<bounds x="910" y="219" width="388" height="301"/>
</OView>
<OView class="oracle.dbtools.crest.swingui.relational.TVTable" oid="212F038F-AD36-910D-2B6F-E98D3A2D1883" otype="Table" vid="8F739EA6-1964-5967-1F26-D959BC5AA0C0">
<hideElementsInCurrentOnly>false</hideElementsInCurrentOnly>
<bounds x="464" y="300" width="268" height="140"/>
</OView>
<OView class="oracle.dbtools.crest.swingui.relational.TVTable" oid="226E8B1A-D54F-42C4-DDB8-27C34E10B16A" otype="Table" vid="63CBB660-AD37-9E52-D818-3B4770A7D909">
<hideElementsInCurrentOnly>false</hideElementsInCurrentOnly>
<bounds x="1429" y="499" width="258" height="98"/>
</OView>
<OView class="oracle.dbtools.crest.swingui.relational.TVTable" oid="400551ED-250A-5BD0-F5CD-7751989CA490" otype="Table" vid="CECD12DB-CB00-35B2-4DAB-E9704D013752">
<hideElementsInCurrentOnly>false</hideElementsInCurrentOnly>
<bounds x="1376" y="708" width="299" height="137"/>
</OView>
<OView class="oracle.dbtools.crest.swingui.relational.TVTable" oid="5C7D110C-8809-5343-5959-94DAEA890D75" otype="Table" vid="9AD66498-03D1-E730-F995-E20E95F2314C">
<hideElementsInCurrentOnly>false</hideElementsInCurrentOnly>
<bounds x="989" y="858" width="422" height="126"/>
</OView>
<OView class="oracle.dbtools.crest.swingui.relational.TVTable" oid="6A2A5921-581D-AC8B-A45D-9378C7AFC4FC" otype="Table" vid="C2CF1AEE-E6F9-A656-88C7-2D7D6806DE64">
<hideElementsInCurrentOnly>false</hideElementsInCurrentOnly>
<bounds x="21" y="494" width="283" height="154"/>
</OView>
<OView class="oracle.dbtools.crest.swingui.relational.TVTable" oid="6F781535-48EC-AF55-59C3-4E41DB9B43EC" otype="Table" vid="07D82E15-C67F-A637-52D5-05D795DE8939">
<hideElementsInCurrentOnly>false</hideElementsInCurrentOnly>
<bounds x="1367" y="1047" width="317" height="189"/>
</OView>
<OView class="oracle.dbtools.crest.swingui.relational.TVTable" oid="7EAE59BD-4039-B1B9-E8EB-BD2F5D220A86" otype="Table" vid="768AF0DC-207F-8DBE-F2AE-E1A3E16F999A">
<hideElementsInCurrentOnly>false</hideElementsInCurrentOnly>
<bounds x="199" y="332" width="239" height="118"/>
</OView>
<OView class="oracle.dbtools.crest.swingui.relational.TVTable" oid="958979FA-76CE-EB8A-4A90-CFCFA2EB527C" otype="Table" vid="B9FBFB1A-B65A-BBE7-08D1-ADF04D1AC5A1">
<hideElementsInCurrentOnly>false</hideElementsInCurrentOnly>
<bounds x="502" y="959" width="419" height="191"/>
</OView>
<OView class="oracle.dbtools.crest.swingui.relational.TVTable" oid="A21A3D2D-06F7-D9A1-EBB9-1369A4D0A398" otype="Table" vid="EEA958E2-649F-F0DE-5555-B00887986970">
<hideElementsInCurrentOnly>false</hideElementsInCurrentOnly>
<bounds x="503" y="27" width="257" height="143"/>
</OView>
<OView class="oracle.dbtools.crest.swingui.relational.TVTable" oid="B7FAF091-A8C5-FB1D-1AB7-D3FD238DED9D" otype="Table" vid="6C8ECB8D-A68F-3BAC-6FED-E96F58B9F2B7">
<hideElementsInCurrentOnly>false</hideElementsInCurrentOnly>
<bounds x="849" y="28" width="333" height="157"/>
</OView>
<OView class="oracle.dbtools.crest.swingui.relational.TVTable" oid="C002F3AF-0997-66BE-C097-EE1C5BE5C5BC" otype="Table" vid="8D2FE477-2B5A-B622-18CB-E11DD5F942D0">
<hideElementsInCurrentOnly>false</hideElementsInCurrentOnly>
<bounds x="1412" y="205" width="273" height="96"/>
</OView>
<OView class="oracle.dbtools.crest.swingui.relational.TVTable" oid="CF3B9AC8-EE9C-E0E1-6D11-4128E1303EA8" otype="Table" vid="EB90F272-6657-747F-021E-8E736014B0C2">
<hideElementsInCurrentOnly>false</hideElementsInCurrentOnly>
<bounds x="1087" y="1046" width="255" height="97"/>
</OView>
<OView class="oracle.dbtools.crest.swingui.relational.TVTable" oid="E6322C4C-E9AD-2EDC-69B0-DB7176D76A63" otype="Table" vid="3AA8B2EE-A1E2-240A-B143-8AAB0BA1EEFD">
<hideElementsInCurrentOnly>false</hideElementsInCurrentOnly>
<bounds x="379" y="518" width="307" height="244"/>
</OView>
<OView class="oracle.dbtools.crest.swingui.relational.TVTable" oid="F5124134-63E7-0B5D-4FD4-697A42B15D34" otype="Table" vid="7B10697D-416F-5C52-32F2-1C66A3205CBD">
<hideElementsInCurrentOnly>false</hideElementsInCurrentOnly>
<bounds x="1428" y="323" width="279" height="108"/>
</OView>
<OView class="oracle.dbtools.crest.swingui.relational.TVTable" oid="F94D1497-78E3-BB1F-59BD-E4755CA4CEAE" otype="Table" vid="6312AC0E-652F-FEA2-6E66-FC78F882E23E">
<hideElementsInCurrentOnly>false</hideElementsInCurrentOnly>
<bounds x="827" y="623" width="364" height="215"/>
</OView>
</objectViews>
<connectors>
<Connector class="oracle.dbtools.crest.swingui.relational.TVFKRelation" oid="0D6BF7D2-459C-919C-8BED-FF816487B9F8" otype="FKIndexAssociation" vid_source="B9FBFB1A-B65A-BBE7-08D1-ADF04D1AC5A1" vid_target="C2CF1AEE-E6F9-A656-88C7-2D7D6806DE64">
<hideElementsInCurrentOnly>false</hideElementsInCurrentOnly>
<backgroundColor>-16777216</backgroundColor>
<lineWidth>1</lineWidth>
<points>
<point x="603" y="959"/>
<point x="249" y="648"/>
</points>
</Connector>
<Connector class="oracle.dbtools.crest.swingui.relational.TVFKRelation" oid="0EDD3B6D-66FC-0A79-139C-E208FE9B39C1" otype="FKIndexAssociation" vid_source="EEA958E2-649F-F0DE-5555-B00887986970" vid_target="AC7E0EB8-E369-B6A9-DA45-0A9C7627B940">
<hideElementsInCurrentOnly>false</hideElementsInCurrentOnly>
<backgroundColor>-16777216</backgroundColor>
<lineWidth>1</lineWidth>
<points>
<point x="503" y="98"/>
<point x="376" y="98"/>
</points>
</Connector>
<Connector class="oracle.dbtools.crest.swingui.relational.TVFKRelation" oid="1A663F58-CC5D-9D21-45BD-13F25A63109A" otype="FKIndexAssociation" vid_source="6312AC0E-652F-FEA2-6E66-FC78F882E23E" vid_target="07D82E15-C67F-A637-52D5-05D795DE8939">
<hideElementsInCurrentOnly>false</hideElementsInCurrentOnly>
<backgroundColor>-16777216</backgroundColor>
<lineWidth>1</lineWidth>
<points>
<point x="1144" y="838"/>
<point x="1406" y="1047"/>
</points>
</Connector>
<Connector class="oracle.dbtools.crest.swingui.relational.TVFKRelation" oid="1BFFF0B8-7549-73C8-B705-6ECDB38D4653" otype="FKIndexAssociation" vid_source="6312AC0E-652F-FEA2-6E66-FC78F882E23E" vid_target="CECD12DB-CB00-35B2-4DAB-E9704D013752">
<hideElementsInCurrentOnly>false</hideElementsInCurrentOnly>
<backgroundColor>-16777216</backgroundColor>
<lineWidth>1</lineWidth>
<points>
<point x="1191" y="773"/>
<point x="1376" y="773"/>
</points>
</Connector>
<Connector class="oracle.dbtools.crest.swingui.relational.TVFKRelation" oid="1D4756B1-0A87-1D84-2B13-B44E88DB5D36" otype="FKIndexAssociation" vid_source="7B10697D-416F-5C52-32F2-1C66A3205CBD" vid_target="4BD5F2BB-7EC3-50CD-B0A4-9147B8044093">
<hideElementsInCurrentOnly>false</hideElementsInCurrentOnly>
<backgroundColor>-16777216</backgroundColor>
<lineWidth>1</lineWidth>
<points>
<point x="1428" y="377"/>
<point x="1298" y="377"/>
</points>
</Connector>
<Connector class="oracle.dbtools.crest.swingui.relational.TVFKRelation" oid="220B399D-8F89-2972-F561-4EF9D348F4B4" otype="FKIndexAssociation" vid_source="5EF5D8C9-BF91-DC46-1829-F8E568B5CA33" vid_target="6C8ECB8D-A68F-3BAC-6FED-E96F58B9F2B7">
<hideElementsInCurrentOnly>false</hideElementsInCurrentOnly>
<backgroundColor>-16777216</backgroundColor>
<lineWidth>1</lineWidth>
<points>
<point x="1282" y="109"/>
<point x="1182" y="109"/>
</points>
</Connector>
<Connector class="oracle.dbtools.crest.swingui.relational.TVFKRelation" oid="31CF153B-2A81-2623-E484-9309286BAA79" otype="FKIndexAssociation" vid_source="6312AC0E-652F-FEA2-6E66-FC78F882E23E" vid_target="B9FBFB1A-B65A-BBE7-08D1-ADF04D1AC5A1">
<hideElementsInCurrentOnly>false</hideElementsInCurrentOnly>
<backgroundColor>-16777216</backgroundColor>
<lineWidth>1</lineWidth>
<points>
<point x="874" y="838"/>
<point x="874" y="959"/>
</points>
</Connector>
<Connector class="oracle.dbtools.crest.swingui.relational.TVFKRelation" oid="50D62310-11F8-2F19-B700-1309F2428D6D" otype="FKIndexAssociation" vid_source="07D82E15-C67F-A637-52D5-05D795DE8939" vid_target="F5507BB7-C6DC-FC0C-9FA1-4AE3E7887FB7">
<hideElementsInCurrentOnly>false</hideElementsInCurrentOnly>
<backgroundColor>-16777216</backgroundColor>
<lineWidth>1</lineWidth>
<points>
<point x="1367" y="1175"/>
<point x="357" y="1175"/>
</points>
</Connector>
<Connector class="oracle.dbtools.crest.swingui.relational.TVFKRelation" oid="6C24D5D9-9075-D0B1-FF66-8F202586822F" otype="FKIndexAssociation" vid_source="6312AC0E-652F-FEA2-6E66-FC78F882E23E" vid_target="F5507BB7-C6DC-FC0C-9FA1-4AE3E7887FB7">
<hideElementsInCurrentOnly>false</hideElementsInCurrentOnly>
<backgroundColor>-16777216</backgroundColor>
<lineWidth>1</lineWidth>
<points>
<point x="827" y="837"/>
<point x="355" y="1114"/>
</points>
</Connector>
<Connector class="oracle.dbtools.crest.swingui.relational.TVFKRelation" oid="882830BA-76BD-A7CD-A61B-CB57D6354745" otype="FKIndexAssociation" vid_source="4BD5F2BB-7EC3-50CD-B0A4-9147B8044093" vid_target="3AA8B2EE-A1E2-240A-B143-8AAB0BA1EEFD">
<hideElementsInCurrentOnly>false</hideElementsInCurrentOnly>
<backgroundColor>-16777216</backgroundColor>
<lineWidth>1</lineWidth>
<points>
<point x="910" y="519"/>
<point x="686" y="519"/>
</points>
</Connector>
<Connector class="oracle.dbtools.crest.swingui.relational.TVFKRelation" oid="8968A05D-2F36-F30C-60AE-1E07E216A1E2" otype="FKIndexAssociation" vid_source="63CBB660-AD37-9E52-D818-3B4770A7D909" vid_target="4BD5F2BB-7EC3-50CD-B0A4-9147B8044093">
<hideElementsInCurrentOnly>false</hideElementsInCurrentOnly>
<backgroundColor>-16777216</backgroundColor>
<lineWidth>1</lineWidth>
<points>
<point x="1429" y="509"/>
<point x="1298" y="509"/>
</points>
</Connector>
<Connector class="oracle.dbtools.crest.swingui.relational.TVFKRelation" oid="A7FF74ED-96C4-F285-6538-172D94DB87D9" otype="FKIndexAssociation" vid_source="AC7E0EB8-E369-B6A9-DA45-0A9C7627B940" vid_target="4BD5F2BB-7EC3-50CD-B0A4-9147B8044093">
<hideElementsInCurrentOnly>false</hideElementsInCurrentOnly>
<backgroundColor>-16777216</backgroundColor>
<lineWidth>1</lineWidth>
<points>
<point x="376" y="256"/>
<point x="910" y="256"/>
</points>
</Connector>
<Connector class="oracle.dbtools.crest.swingui.relational.TVFKRelation" oid="A8C84F0A-7CF0-11B4-79B9-64DF68A59DA2" otype="FKIndexAssociation" vid_source="8F739EA6-1964-5967-1F26-D959BC5AA0C0" vid_target="6312AC0E-652F-FEA2-6E66-FC78F882E23E">
<hideElementsInCurrentOnly>false</hideElementsInCurrentOnly>
<backgroundColor>-16777216</backgroundColor>
<lineWidth>1</lineWidth>
<points>
<point x="677" y="440"/>
<point x="886" y="623"/>
</points>
</Connector>
<Connector class="oracle.dbtools.crest.swingui.relational.TVFKRelation" oid="AA87506F-5A5A-2E8F-FC95-2B88267D29DB" otype="FKIndexAssociation" vid_source="6C8ECB8D-A68F-3BAC-6FED-E96F58B9F2B7" vid_target="4BD5F2BB-7EC3-50CD-B0A4-9147B8044093">
<hideElementsInCurrentOnly>false</hideElementsInCurrentOnly>
<backgroundColor>-16777216</backgroundColor>
<lineWidth>1</lineWidth>
<points>
<point x="1046" y="185"/>
<point x="1046" y="219"/>
</points>
</Connector>
<Connector class="oracle.dbtools.crest.swingui.relational.TVFKRelation" oid="B5182031-D013-C4E2-62C5-061D15BE1AD4" otype="FKIndexAssociation" vid_source="EEA958E2-649F-F0DE-5555-B00887986970" vid_target="6312AC0E-652F-FEA2-6E66-FC78F882E23E">
<hideElementsInCurrentOnly>false</hideElementsInCurrentOnly>
<backgroundColor>-16777216</backgroundColor>
<lineWidth>1</lineWidth>
<points>
<point x="674" y="170"/>
<point x="944" y="623"/>
</points>
</Connector>
<Connector class="oracle.dbtools.crest.swingui.relational.TVFKRelation" oid="C6DBE2EB-CDC1-B51B-DCC8-7500DD508268" otype="FKIndexAssociation" vid_source="AC7E0EB8-E369-B6A9-DA45-0A9C7627B940" vid_target="C2CF1AEE-E6F9-A656-88C7-2D7D6806DE64">
<hideElementsInCurrentOnly>false</hideElementsInCurrentOnly>
<backgroundColor>-16777216</backgroundColor>
<lineWidth>1</lineWidth>
<points>
<point x="182" y="294"/>
<point x="182" y="494"/>
</points>
</Connector>
<Connector class="oracle.dbtools.crest.swingui.relational.TVFKRelation" oid="CAE2C719-E771-DDBB-466F-D7C614654A35" otype="FKIndexAssociation" vid_source="EB90F272-6657-747F-021E-8E736014B0C2" vid_target="9AD66498-03D1-E730-F995-E20E95F2314C">
<hideElementsInCurrentOnly>false</hideElementsInCurrentOnly>
<backgroundColor>-16777216</backgroundColor>
<lineWidth>1</lineWidth>
<points>
<point x="1214" y="1046"/>
<point x="1214" y="984"/>
</points>
</Connector>
<Connector class="oracle.dbtools.crest.swingui.relational.TVFKRelation" oid="D6997E2F-D44A-12CD-7778-9AFBDFACE4D3" otype="FKIndexAssociation" vid_source="6C8ECB8D-A68F-3BAC-6FED-E96F58B9F2B7" vid_target="EEA958E2-649F-F0DE-5555-B00887986970">
<hideElementsInCurrentOnly>false</hideElementsInCurrentOnly>
<backgroundColor>-16777216</backgroundColor>
<lineWidth>1</lineWidth>
<points>
<point x="849" y="99"/>
<point x="760" y="99"/>
</points>
</Connector>
<Connector class="oracle.dbtools.crest.swingui.relational.TVFKRelation" oid="D820EA6B-206B-CD3D-5ED3-34C6B129A5F7" otype="FKIndexAssociation" vid_source="8D2FE477-2B5A-B622-18CB-E11DD5F942D0" vid_target="4BD5F2BB-7EC3-50CD-B0A4-9147B8044093">
<hideElementsInCurrentOnly>false</hideElementsInCurrentOnly>
<backgroundColor>-16777216</backgroundColor>
<lineWidth>1</lineWidth>
<points>
<point x="1412" y="260"/>
<point x="1298" y="260"/>
</points>
</Connector>
<Connector class="oracle.dbtools.crest.swingui.relational.TVFKRelation" oid="D92F11A8-F2AA-8498-63EA-8554BC616323" otype="FKIndexAssociation" vid_source="C2CF1AEE-E6F9-A656-88C7-2D7D6806DE64" vid_target="F5507BB7-C6DC-FC0C-9FA1-4AE3E7887FB7">
<hideElementsInCurrentOnly>false</hideElementsInCurrentOnly>
<backgroundColor>-16777216</backgroundColor>
<lineWidth>1</lineWidth>
<points>
<point x="187" y="648"/>
<point x="187" y="1114"/>
</points>
</Connector>
<Connector class="oracle.dbtools.crest.swingui.relational.TVFKRelation" oid="DBB2EC45-1707-7567-5D76-4C51A77542D5" otype="FKIndexAssociation" vid_source="8F739EA6-1964-5967-1F26-D959BC5AA0C0" vid_target="AC7E0EB8-E369-B6A9-DA45-0A9C7627B940">
<hideElementsInCurrentOnly>false</hideElementsInCurrentOnly>
<backgroundColor>-16777216</backgroundColor>
<lineWidth>1</lineWidth>
<points>
<point x="473" y="300"/>
<point x="376" y="244"/>
</points>
</Connector>
<Connector class="oracle.dbtools.crest.swingui.relational.TVFKRelation" oid="E8805E0B-8BA7-B1D9-CD00-B16251D5785B" otype="FKIndexAssociation" vid_source="6312AC0E-652F-FEA2-6E66-FC78F882E23E" vid_target="4BD5F2BB-7EC3-50CD-B0A4-9147B8044093">
<hideElementsInCurrentOnly>false</hideElementsInCurrentOnly>
<backgroundColor>-16777216</backgroundColor>
<lineWidth>1</lineWidth>
<points>
<point x="1050" y="623"/>
<point x="1050" y="520"/>
</points>
</Connector>
<Connector class="oracle.dbtools.crest.swingui.relational.TVFKRelation" oid="ED030342-7F70-5E62-E61B-5E0DE2601229" otype="FKIndexAssociation" vid_source="B9FBFB1A-B65A-BBE7-08D1-ADF04D1AC5A1" vid_target="3AA8B2EE-A1E2-240A-B143-8AAB0BA1EEFD">
<hideElementsInCurrentOnly>false</hideElementsInCurrentOnly>
<backgroundColor>-16777216</backgroundColor>
<lineWidth>1</lineWidth>
<points>
<point x="579" y="959"/>
<point x="579" y="762"/>
</points>
</Connector>
<Connector class="oracle.dbtools.crest.swingui.relational.TVFKRelation" oid="F115BB4A-F8CE-A2BC-585D-CE50D6056AB6" otype="FKIndexAssociation" vid_source="9AD66498-03D1-E730-F995-E20E95F2314C" vid_target="B9FBFB1A-B65A-BBE7-08D1-ADF04D1AC5A1">
<hideElementsInCurrentOnly>false</hideElementsInCurrentOnly>
<backgroundColor>-16777216</backgroundColor>
<lineWidth>1</lineWidth>
<points>
<point x="989" y="971"/>
<point x="921" y="971"/>
</points>
</Connector>
<Connector class="oracle.dbtools.crest.swingui.relational.TVFKRelation" oid="F9D94FCF-1715-4B69-B0E8-EDABF88F9986" otype="FKIndexAssociation" vid_source="768AF0DC-207F-8DBE-F2AE-E1A3E16F999A" vid_target="3AA8B2EE-A1E2-240A-B143-8AAB0BA1EEFD">
<hideElementsInCurrentOnly>false</hideElementsInCurrentOnly>
<backgroundColor>-16777216</backgroundColor>
<lineWidth>1</lineWidth>
<points>
<point x="408" y="450"/>
<point x="408" y="518"/>
</points>
</Connector>
</connectors>
</Diagram>