<?xml version = '1.0' encoding = 'UTF-8'?>
<Diagram class="oracle.dbtools.crest.swingui.logical.DPVLogical" name="Logical" id="60018278-FEE8-009A-5231-2B9229469D02">
<createdBy>student</createdBy>
<modifiedBy>student</modifiedBy>
<createdTime>2023-10-17 07:39:08 UTC</createdTime>
<autoRoute>false</autoRoute>
<boxInbox>true</boxInbox>
<showLegend>false</showLegend>
<showLabels>false</showLabels>
<showRelAttributes>false</showRelAttributes>
<gridEnabled>false</gridEnabled>
<showGrid>false</showGrid>
<diagramColor>-1</diagramColor>
<display>false</display>
<notation>1</notation>
<objectViews>
<OView class="oracle.dbtools.crest.swingui.logical.TVEntity" oid="067F5BA3-FD4D-AA73-C950-F466C4621D9F" otype="Entity" vid="862722B7-2E4F-6D60-7DE3-8483AB7CE039">
<hideElementsInCurrentOnly>false</hideElementsInCurrentOnly>
<bounds x="0" y="495" width="283" height="154"/>
</OView>
<OView class="oracle.dbtools.crest.swingui.logical.TVEntity" oid="2120BA58-CDA0-912E-17C2-CD7B1A2CB216" otype="Entity" vid="AD51727B-42F1-06F2-227D-48CAEC9AA159">
<hideElementsInCurrentOnly>false</hideElementsInCurrentOnly>
<bounds x="945" y="231" width="388" height="214"/>
</OView>
<OView class="oracle.dbtools.crest.swingui.logical.TVEntity" oid="39FDB206-AE72-58FA-2588-29B836F58B19" otype="Entity" vid="E621B270-1C7D-2ADD-402B-8D4A8B639B97">
<hideElementsInCurrentOnly>false</hideElementsInCurrentOnly>
<bounds x="1382" y="185" width="273" height="96"/>
</OView>
<OView class="oracle.dbtools.crest.swingui.logical.TVEntity" oid="4F4230F6-9DB6-C505-227A-37058F17F4BB" otype="Entity" vid="6D7E2790-624D-52DD-CFDA-B5D09525D6D6">
<hideElementsInCurrentOnly>false</hideElementsInCurrentOnly>
<bounds x="503" y="27" width="257" height="143"/>
</OView>
<OView class="oracle.dbtools.crest.swingui.logical.TVEntity" oid="53F9F9F6-19F6-C3CA-76C5-FAB162604EB0" otype="Entity" vid="D8504896-583A-25ED-FEB6-61254D01F608">
<hideElementsInCurrentOnly>false</hideElementsInCurrentOnly>
<bounds x="1285" y="43" width="260" height="126"/>
</OView>
<OView class="oracle.dbtools.crest.swingui.logical.TVEntity" oid="546CF247-3153-1E18-2CC0-5E0241C05B3C" otype="Entity" vid="4B1FFA30-E277-F317-C9CE-CB4B5AEF471C">
<hideElementsInCurrentOnly>false</hideElementsInCurrentOnly>
<bounds x="1276" y="737" width="299" height="137"/>
</OView>
<OView class="oracle.dbtools.crest.swingui.logical.TVEntity" oid="5E004B45-94EC-1689-6AA0-B09100EE5260" otype="Entity" vid="368A1261-FC3D-5F59-FED5-0621B82553D1">
<hideElementsInCurrentOnly>false</hideElementsInCurrentOnly>
<bounds x="1334" y="520" width="258" height="98"/>
</OView>
<OView class="oracle.dbtools.crest.swingui.logical.TVEntity" oid="6252285C-DFCD-F055-129D-7B8FEBD970E2" otype="Entity" vid="D4C08AC6-4C16-8B03-094F-DF718FA27FDA">
<hideElementsInCurrentOnly>false</hideElementsInCurrentOnly>
<bounds x="22" y="17" width="316" height="277"/>
</OView>
<OView class="oracle.dbtools.crest.swingui.logical.TVEntity" oid="664056F9-0703-B66E-9669-F4D820CA467C" otype="Entity" vid="A1075E74-1195-6212-6234-4FFABB058318">
<hideElementsInCurrentOnly>false</hideElementsInCurrentOnly>
<bounds x="460" y="286" width="268" height="140"/>
</OView>
<OView class="oracle.dbtools.crest.swingui.logical.TVEntity" oid="7C89478D-8CF3-EC06-2612-9D8057581EC9" otype="Entity" vid="ADCB483E-383E-E9B1-77A6-1EF45A06D9E6">
<hideElementsInCurrentOnly>false</hideElementsInCurrentOnly>
<bounds x="710" y="854" width="422" height="126"/>
</OView>
<OView class="oracle.dbtools.crest.swingui.logical.TVEntity" oid="9B09820E-BE69-ED7F-7BEE-B726E690F9BD" otype="Entity" vid="27AC307A-A383-94BE-9CF2-06221FAA48E4">
<hideElementsInCurrentOnly>false</hideElementsInCurrentOnly>
<bounds x="178" y="331" width="239" height="118"/>
</OView>
<OView class="oracle.dbtools.crest.swingui.logical.TVEntity" oid="A787A436-9C60-F1F6-86AD-FF468F67E100" otype="Entity" vid="5D543394-8409-53BF-2B4A-37B01409378C">
<hideElementsInCurrentOnly>false</hideElementsInCurrentOnly>
<bounds x="50" y="1064" width="287" height="167"/>
</OView>
<OView class="oracle.dbtools.crest.swingui.logical.TVEntity" oid="B05BA131-0D93-D612-9F86-661754A77AA7" otype="Entity" vid="B848E169-50A3-644E-A101-154883210C93">
<hideElementsInCurrentOnly>false</hideElementsInCurrentOnly>
<bounds x="792" y="577" width="364" height="215"/>
</OView>
<OView class="oracle.dbtools.crest.swingui.logical.TVEntity" oid="C99770D8-70EF-017B-7282-F63939928DDD" otype="Entity" vid="D96BA943-72B3-3FA8-E221-9F6B2DE3C2D1">
<hideElementsInCurrentOnly>false</hideElementsInCurrentOnly>
<bounds x="1183" y="1026" width="317" height="189"/>
</OView>
<OView class="oracle.dbtools.crest.swingui.logical.TVEntity" oid="CF3EFB76-9654-527C-C4E7-4A3362DFD298" otype="Entity" vid="CBDBEA12-06C7-0BEA-2255-A87CB506362E">
<hideElementsInCurrentOnly>false</hideElementsInCurrentOnly>
<bounds x="371" y="493" width="307" height="244"/>
</OView>
<OView class="oracle.dbtools.crest.swingui.logical.TVEntity" oid="DFC9FCB9-BB16-5962-5A40-8765354D1A0D" otype="Entity" vid="33BFBCA9-C7A9-C50D-E037-CC2ABF27F91C">
<hideElementsInCurrentOnly>false</hideElementsInCurrentOnly>
<bounds x="264" y="811" width="327" height="140"/>
</OView>
<OView class="oracle.dbtools.crest.swingui.logical.TVEntity" oid="E111989F-6817-F535-2E96-D1D17D56AFA7" otype="Entity" vid="2301DB1C-C3C5-5036-4DC0-CD44E0624A3A">
<hideElementsInCurrentOnly>false</hideElementsInCurrentOnly>
<bounds x="744" y="1028" width="255" height="97"/>
</OView>
<OView class="oracle.dbtools.crest.swingui.logical.TVEntity" oid="E919A297-E7BF-3DFF-4385-556FE05A72DE" otype="Entity" vid="8D06EDD6-A12A-AF1D-FEFF-DEE2A6594537">
<hideElementsInCurrentOnly>false</hideElementsInCurrentOnly>
<bounds x="819" y="21" width="333" height="157"/>
</OView>
<OView class="oracle.dbtools.crest.swingui.logical.TVEntity" oid="EDFEB0B6-5796-811E-AECB-7126FBE63775" otype="Entity" vid="DA5F67B7-82FC-AE7E-DC1D-338BB422736E">
<hideElementsInCurrentOnly>false</hideElementsInCurrentOnly>
<bounds x="1388" y="313" width="279" height="108"/>
</OView>
</objectViews>
<connectors>
<Connector class="oracle.dbtools.crest.swingui.logical.TVRelation" oid="00C30C4A-77B1-4D53-9AFE-81567D089D7D" otype="Relation" vid_source="DA5F67B7-82FC-AE7E-DC1D-338BB422736E" vid_target="AD51727B-42F1-06F2-227D-48CAEC9AA159">
<hideElementsInCurrentOnly>false</hideElementsInCurrentOnly>
<backgroundColor>-16777216</backgroundColor>
<lineWidth>1</lineWidth>
<points>
<point x="1388" y="367"/>
<point x="1333" y="367"/>
</points>
</Connector>
<Connector class="oracle.dbtools.crest.swingui.logical.TVRelation" oid="0FB7DCEF-2710-0501-54C8-093B9CED694F" otype="Relation" vid_source="33BFBCA9-C7A9-C50D-E037-CC2ABF27F91C" vid_target="CBDBEA12-06C7-0BEA-2255-A87CB506362E">
<hideElementsInCurrentOnly>false</hideElementsInCurrentOnly>
<backgroundColor>-16777216</backgroundColor>
<lineWidth>1</lineWidth>
<points>
<point x="481" y="811"/>
<point x="481" y="737"/>
</points>
</Connector>
<Connector class="oracle.dbtools.crest.swingui.logical.TVRelation" oid="10F75AB2-4A08-10C8-91CE-E9DBC79BA2FE" otype="Relation" vid_source="2301DB1C-C3C5-5036-4DC0-CD44E0624A3A" vid_target="ADCB483E-383E-E9B1-77A6-1EF45A06D9E6">
<hideElementsInCurrentOnly>false</hideElementsInCurrentOnly>
<backgroundColor>-16777216</backgroundColor>
<lineWidth>1</lineWidth>
<points>
<point x="871" y="1028"/>
<point x="871" y="980"/>
</points>
</Connector>
<Connector class="oracle.dbtools.crest.swingui.logical.TVRelation" oid="1761565A-7BB6-3BF8-FCA9-8665558F0F0A" otype="Relation" vid_source="33BFBCA9-C7A9-C50D-E037-CC2ABF27F91C" vid_target="862722B7-2E4F-6D60-7DE3-8483AB7CE039">
<hideElementsInCurrentOnly>false</hideElementsInCurrentOnly>
<backgroundColor>-16777216</backgroundColor>
<lineWidth>1</lineWidth>
<points>
<point x="273" y="811"/>
<point x="273" y="649"/>
</points>
</Connector>
<Connector class="oracle.dbtools.crest.swingui.logical.TVRelation" oid="4EC98F5F-72C3-F1FE-BAAA-B6E429AC9F29" otype="Relation" vid_source="A1075E74-1195-6212-6234-4FFABB058318" vid_target="D4C08AC6-4C16-8B03-094F-DF718FA27FDA">
<hideElementsInCurrentOnly>false</hideElementsInCurrentOnly>
<backgroundColor>-16777216</backgroundColor>
<lineWidth>1</lineWidth>
<points>
<point x="460" y="290"/>
<point x="338" y="290"/>
</points>
</Connector>
<Connector class="oracle.dbtools.crest.swingui.logical.TVRelation" oid="5AA258BD-62F2-73E4-87F5-A0AB8091A427" otype="Relation" vid_source="862722B7-2E4F-6D60-7DE3-8483AB7CE039" vid_target="5D543394-8409-53BF-2B4A-37B01409378C">
<hideElementsInCurrentOnly>false</hideElementsInCurrentOnly>
<backgroundColor>-16777216</backgroundColor>
<lineWidth>1</lineWidth>
<points>
<point x="166" y="649"/>
<point x="166" y="1064"/>
</points>
</Connector>
<Connector class="oracle.dbtools.crest.swingui.logical.TVRelation" oid="65EEE039-D30D-5C9C-4C44-8004F49C5F96" otype="Relation" vid_source="D96BA943-72B3-3FA8-E221-9F6B2DE3C2D1" vid_target="5D543394-8409-53BF-2B4A-37B01409378C">
<hideElementsInCurrentOnly>false</hideElementsInCurrentOnly>
<backgroundColor>-16777216</backgroundColor>
<lineWidth>1</lineWidth>
<points>
<point x="1183" y="1139"/>
<point x="337" y="1139"/>
</points>
</Connector>
<Connector class="oracle.dbtools.crest.swingui.logical.TVRelation" oid="66B582F3-D9E0-4220-C711-03BA08E3967D" otype="Relation" vid_source="ADCB483E-383E-E9B1-77A6-1EF45A06D9E6" vid_target="33BFBCA9-C7A9-C50D-E037-CC2ABF27F91C">
<hideElementsInCurrentOnly>false</hideElementsInCurrentOnly>
<backgroundColor>-16777216</backgroundColor>
<lineWidth>1</lineWidth>
<points>
<point x="710" y="902"/>
<point x="591" y="902"/>
</points>
</Connector>
<Connector class="oracle.dbtools.crest.swingui.logical.TVRelation" oid="6D9E4D24-79E2-9A0A-B365-F949CA103D8C" otype="Relation" vid_source="D4C08AC6-4C16-8B03-094F-DF718FA27FDA" vid_target="862722B7-2E4F-6D60-7DE3-8483AB7CE039">
<hideElementsInCurrentOnly>false</hideElementsInCurrentOnly>
<backgroundColor>-16777216</backgroundColor>
<lineWidth>1</lineWidth>
<points>
<point x="152" y="294"/>
<point x="152" y="495"/>
</points>
</Connector>
<Connector class="oracle.dbtools.crest.swingui.logical.TVRelation" oid="71AADB6C-152A-9201-60A2-4BCA266D97CE" otype="Relation" vid_source="AD51727B-42F1-06F2-227D-48CAEC9AA159" vid_target="CBDBEA12-06C7-0BEA-2255-A87CB506362E">
<hideElementsInCurrentOnly>false</hideElementsInCurrentOnly>
<backgroundColor>-16777216</backgroundColor>
<lineWidth>1</lineWidth>
<points>
<point x="945" y="425"/>
<point x="678" y="545"/>
</points>
</Connector>
<Connector class="oracle.dbtools.crest.swingui.logical.TVRelation" oid="781CFAF6-5A3D-5C06-FFE8-C0E67D2BA349" otype="Relation" vid_source="8D06EDD6-A12A-AF1D-FEFF-DEE2A6594537" vid_target="6D7E2790-624D-52DD-CFDA-B5D09525D6D6">
<hideElementsInCurrentOnly>false</hideElementsInCurrentOnly>
<backgroundColor>-16777216</backgroundColor>
<lineWidth>1</lineWidth>
<points>
<point x="819" y="98"/>
<point x="760" y="98"/>
</points>
</Connector>
<Connector class="oracle.dbtools.crest.swingui.logical.TVRelation" oid="7FFD3731-91BE-181E-AA7D-BCD0654C7857" otype="Relation" vid_source="E621B270-1C7D-2ADD-402B-8D4A8B639B97" vid_target="AD51727B-42F1-06F2-227D-48CAEC9AA159">
<hideElementsInCurrentOnly>false</hideElementsInCurrentOnly>
<backgroundColor>-16777216</backgroundColor>
<lineWidth>1</lineWidth>
<points>
<point x="1382" y="256"/>
<point x="1333" y="256"/>
</points>
</Connector>
<Connector class="oracle.dbtools.crest.swingui.logical.TVRelation" oid="825C391C-C18E-1734-1D81-0C1F63E0FDA5" otype="Relation" vid_source="D4C08AC6-4C16-8B03-094F-DF718FA27FDA" vid_target="AD51727B-42F1-06F2-227D-48CAEC9AA159">
<hideElementsInCurrentOnly>false</hideElementsInCurrentOnly>
<backgroundColor>-16777216</backgroundColor>
<lineWidth>1</lineWidth>
<points>
<point x="338" y="262"/>
<point x="945" y="262"/>
</points>
</Connector>
<Connector class="oracle.dbtools.crest.swingui.logical.TVRelation" oid="896CEF02-DC84-754C-07CE-D16D76FA0FC1" otype="Relation" vid_source="6D7E2790-624D-52DD-CFDA-B5D09525D6D6" vid_target="B848E169-50A3-644E-A101-154883210C93">
<hideElementsInCurrentOnly>false</hideElementsInCurrentOnly>
<backgroundColor>-16777216</backgroundColor>
<lineWidth>1</lineWidth>
<points>
<point x="673" y="170"/>
<point x="911" y="577"/>
</points>
</Connector>
<Connector class="oracle.dbtools.crest.swingui.logical.TVRelation" oid="8F6821A3-A655-BEAD-CE6A-3D5FB710D855" otype="Relation" vid_source="6D7E2790-624D-52DD-CFDA-B5D09525D6D6" vid_target="D4C08AC6-4C16-8B03-094F-DF718FA27FDA">
<hideElementsInCurrentOnly>false</hideElementsInCurrentOnly>
<backgroundColor>-16777216</backgroundColor>
<lineWidth>1</lineWidth>
<points>
<point x="503" y="98"/>
<point x="338" y="98"/>
</points>
</Connector>
<Connector class="oracle.dbtools.crest.swingui.logical.TVRelation" oid="9A8C0850-686B-98DD-312D-AAE21A4BAF81" otype="Relation" vid_source="8D06EDD6-A12A-AF1D-FEFF-DEE2A6594537" vid_target="AD51727B-42F1-06F2-227D-48CAEC9AA159">
<hideElementsInCurrentOnly>false</hideElementsInCurrentOnly>
<backgroundColor>-16777216</backgroundColor>
<lineWidth>1</lineWidth>
<points>
<point x="1048" y="178"/>
<point x="1048" y="231"/>
</points>
</Connector>
<Connector class="oracle.dbtools.crest.swingui.logical.TVRelation" oid="9E393839-8679-7481-6C88-F31E19E4FFDA" otype="Relation" vid_source="B848E169-50A3-644E-A101-154883210C93" vid_target="33BFBCA9-C7A9-C50D-E037-CC2ABF27F91C">
<hideElementsInCurrentOnly>false</hideElementsInCurrentOnly>
<backgroundColor>-16777216</backgroundColor>
<lineWidth>1</lineWidth>
<points>
<point x="792" y="749"/>
<point x="591" y="822"/>
</points>
</Connector>
<Connector class="oracle.dbtools.crest.swingui.logical.TVRelation" oid="B3542F0F-1506-B348-21C4-664D1A0FF706" otype="Relation" vid_source="27AC307A-A383-94BE-9CF2-06221FAA48E4" vid_target="CBDBEA12-06C7-0BEA-2255-A87CB506362E">
<hideElementsInCurrentOnly>false</hideElementsInCurrentOnly>
<backgroundColor>-16777216</backgroundColor>
<lineWidth>1</lineWidth>
<points>
<point x="394" y="449"/>
<point x="394" y="493"/>
</points>
</Connector>
<Connector class="oracle.dbtools.crest.swingui.logical.TVRelation" oid="BE0D5AFE-18B4-4BAC-68B0-DADB45BA213D" otype="Relation" vid_source="B848E169-50A3-644E-A101-154883210C93" vid_target="4B1FFA30-E277-F317-C9CE-CB4B5AEF471C">
<hideElementsInCurrentOnly>false</hideElementsInCurrentOnly>
<backgroundColor>-16777216</backgroundColor>
<lineWidth>1</lineWidth>
<points>
<point x="1156" y="764"/>
<point x="1276" y="764"/>
</points>
</Connector>
<Connector class="oracle.dbtools.crest.swingui.logical.TVRelation" oid="C53587E4-45D0-9B49-6DE3-0339BA93D7F7" otype="Relation" vid_source="A1075E74-1195-6212-6234-4FFABB058318" vid_target="B848E169-50A3-644E-A101-154883210C93">
<hideElementsInCurrentOnly>false</hideElementsInCurrentOnly>
<backgroundColor>-16777216</backgroundColor>
<lineWidth>1</lineWidth>
<points>
<point x="674" y="426"/>
<point x="849" y="577"/>
</points>
</Connector>
<Connector class="oracle.dbtools.crest.swingui.logical.TVRelation" oid="CB6E29C1-8D64-3FDE-417A-0EA7D6E503F1" otype="Relation" vid_source="B848E169-50A3-644E-A101-154883210C93" vid_target="5D543394-8409-53BF-2B4A-37B01409378C">
<hideElementsInCurrentOnly>false</hideElementsInCurrentOnly>
<backgroundColor>-16777216</backgroundColor>
<lineWidth>1</lineWidth>
<points>
<point x="792" y="792"/>
<point x="334" y="1064"/>
</points>
</Connector>
<Connector class="oracle.dbtools.crest.swingui.logical.TVRelation" oid="CD05C3EF-5E20-CDE8-4B36-F099FA1D6F19" otype="Relation" vid_source="368A1261-FC3D-5F59-FED5-0621B82553D1" vid_target="AD51727B-42F1-06F2-227D-48CAEC9AA159">
<hideElementsInCurrentOnly>false</hideElementsInCurrentOnly>
<backgroundColor>-16777216</backgroundColor>
<lineWidth>1</lineWidth>
<points>
<point x="1394" y="520"/>
<point x="1289" y="445"/>
</points>
</Connector>
<Connector class="oracle.dbtools.crest.swingui.logical.TVRelation" oid="D93CACB4-A2AA-E69E-57D5-B1D4792B6C1B" otype="Relation" vid_source="B848E169-50A3-644E-A101-154883210C93" vid_target="AD51727B-42F1-06F2-227D-48CAEC9AA159">
<hideElementsInCurrentOnly>false</hideElementsInCurrentOnly>
<backgroundColor>-16777216</backgroundColor>
<lineWidth>1</lineWidth>
<points>
<point x="1050" y="577"/>
<point x="1050" y="445"/>
</points>
</Connector>
<Connector class="oracle.dbtools.crest.swingui.logical.TVRelation" oid="EE1A9B8E-2B1A-C75D-BDFD-BAA74C8F034F" otype="Relation" vid_source="D8504896-583A-25ED-FEB6-61254D01F608" vid_target="8D06EDD6-A12A-AF1D-FEFF-DEE2A6594537">
<hideElementsInCurrentOnly>false</hideElementsInCurrentOnly>
<backgroundColor>-16777216</backgroundColor>
<lineWidth>1</lineWidth>
<points>
<point x="1285" y="106"/>
<point x="1152" y="106"/>
</points>
</Connector>
<Connector class="oracle.dbtools.crest.swingui.logical.TVRelation" oid="EF503C08-E003-3453-489F-1ED5D884E9ED" otype="Relation" vid_source="B848E169-50A3-644E-A101-154883210C93" vid_target="D96BA943-72B3-3FA8-E221-9F6B2DE3C2D1">
<hideElementsInCurrentOnly>false</hideElementsInCurrentOnly>
<backgroundColor>-16777216</backgroundColor>
<lineWidth>1</lineWidth>
<points>
<point x="1064" y="792"/>
<point x="1261" y="1026"/>
</points>
</Connector>
</connectors>
</Diagram>