<?xml version = '1.0' encoding = 'UTF-8'?>
<FKIndexAssociation class="oracle.dbtools.crest.model.design.relational.FKIndexAssociation" directorySegmentName="seg_0" id="0D6BF7D2-459C-919C-8BED-FF816487B9F8" containerWithKeyObject="6A2A5921-581D-AC8B-A45D-9378C7AFC4FC" localFKIndex="A524F730-9226-D6C4-ADAB-A36A452BCA75" name="Question_Product_FK">
<createdBy>karol</createdBy>
<createdTime>2024-01-09 22:38:40 UTC</createdTime>
<generatorID>1761565A-7BB6-3BF8-FCA9-8665558F0F0A</generatorID>
<ownerDesignName>bazadanychwpracy</ownerDesignName>
<referredTableLongName>Product</referredTableLongName>
<deleteRule>NO ACTION</deleteRule>
<referredTableID>958979FA-76CE-EB8A-4A90-CFCFA2EB527C</referredTableID>
<keyObject>A2D80918-E473-2E6B-937E-9F7E64E17F96</keyObject>
<referredKeyID>A2D80918-E473-2E6B-937E-9F7E64E17F96</referredKeyID>
<mandatory>true</mandatory>
<refColNames>ProductKey</refColNames>
<transferable>true</transferable>
<rely>false</rely>
<columnDependencyConstraintGenerateInDDL>true</columnDependencyConstraintGenerateInDDL>
</FKIndexAssociation>