<?xml version = '1.0' encoding = 'UTF-8'?>
<FKIndexAssociation class="oracle.dbtools.crest.model.design.relational.FKIndexAssociation" directorySegmentName="seg_0" id="0EDD3B6D-66FC-0A79-139C-E208FE9B39C1" containerWithKeyObject="0D63B4C6-D365-D878-B034-CF3D41BD5C1B" localFKIndex="6EAB78CB-41EF-82C8-B7C8-8EB78AD9CDEC" name="Customer_City_FK">
<createdBy>karol</createdBy>
<createdTime>2024-01-09 22:38:40 UTC</createdTime>
<generatorID>8F6821A3-A655-BEAD-CE6A-3D5FB710D855</generatorID>
<ownerDesignName>bazadanychwpracy</ownerDesignName>
<referredTableLongName>City</referredTableLongName>
<deleteRule>NO ACTION</deleteRule>
<referredTableID>A21A3D2D-06F7-D9A1-EBB9-1369A4D0A398</referredTableID>
<keyObject>5538EAB7-C3FA-5ED0-B6E9-2B4551E998E1</keyObject>
<referredKeyID>5538EAB7-C3FA-5ED0-B6E9-2B4551E998E1</referredKeyID>
<mandatory>false</mandatory>
<refColNames>CityKey</refColNames>
<transferable>true</transferable>
<rely>false</rely>
<columnDependencyConstraintGenerateInDDL>true</columnDependencyConstraintGenerateInDDL>
</FKIndexAssociation>