<?xml version = '1.0' encoding = 'UTF-8'?>
<FKIndexAssociation class="oracle.dbtools.crest.model.design.relational.FKIndexAssociation" directorySegmentName="seg_0" id="220B399D-8F89-2972-F561-4EF9D348F4B4" containerWithKeyObject="B7FAF091-A8C5-FB1D-1AB7-D3FD238DED9D" localFKIndex="92490078-7D1D-19DC-8BF2-D076C7C3AB33" name="Country_SalesTerritory_FK">
<createdBy>karol</createdBy>
<createdTime>2024-01-09 22:38:40 UTC</createdTime>
<generatorID>EE1A9B8E-2B1A-C75D-BDFD-BAA74C8F034F</generatorID>
<ownerDesignName>bazadanychwpracy</ownerDesignName>
<referredTableLongName>SalesTerritory</referredTableLongName>
<deleteRule>NO ACTION</deleteRule>
<referredTableID>0C3B7877-EBFB-7E2E-7958-7AC1934A5CD9</referredTableID>
<keyObject>EFFEDD55-6777-50C2-265B-DD6B912F4BCE</keyObject>
<referredKeyID>EFFEDD55-6777-50C2-265B-DD6B912F4BCE</referredKeyID>
<mandatory>true</mandatory>
<refColNames>SalesTerritoryKey</refColNames>
<transferable>true</transferable>
<rely>false</rely>
<columnDependencyConstraintGenerateInDDL>true</columnDependencyConstraintGenerateInDDL>
</FKIndexAssociation>