<?xml version = '1.0' encoding = 'UTF-8'?>
<FKIndexAssociation class="oracle.dbtools.crest.model.design.relational.FKIndexAssociation" directorySegmentName="seg_0" id="31CF153B-2A81-2623-E484-9309286BAA79" containerWithKeyObject="958979FA-76CE-EB8A-4A90-CFCFA2EB527C" localFKIndex="F5A232D5-8F46-CF83-4434-901CAE886C33" name="Product_SalesPoint_FK">
<createdBy>karol</createdBy>
<createdTime>2024-01-09 22:38:40 UTC</createdTime>
<generatorID>9E393839-8679-7481-6C88-F31E19E4FFDA</generatorID>
<ownerDesignName>bazadanychwpracy</ownerDesignName>
<referredTableLongName>SalesPoint</referredTableLongName>
<deleteRule>NO ACTION</deleteRule>
<referredTableID>F94D1497-78E3-BB1F-59BD-E4755CA4CEAE</referredTableID>
<keyObject>F6DA437B-076D-967B-BEC5-C0392474B548</keyObject>
<referredKeyID>F6DA437B-076D-967B-BEC5-C0392474B548</referredKeyID>
<mandatory>true</mandatory>
<refColNames>SalesPointKey</refColNames>
<transferable>true</transferable>
<rely>false</rely>
<columnDependencyConstraintGenerateInDDL>true</columnDependencyConstraintGenerateInDDL>
</FKIndexAssociation>