<?xml version = '1.0' encoding = 'UTF-8'?>
<FKIndexAssociation class="oracle.dbtools.crest.model.design.relational.FKIndexAssociation" directorySegmentName="seg_0" id="50D62310-11F8-2F19-B700-1309F2428D6D" containerWithKeyObject="17463188-AC0F-5D69-1C44-835E913FF2BC" localFKIndex="F21A75E2-493C-DDE9-F32C-B9CE6D740C9F" name="Answear_Employee_FK">
<createdBy>karol</createdBy>
<createdTime>2024-01-09 22:38:40 UTC</createdTime>
<generatorID>65EEE039-D30D-5C9C-4C44-8004F49C5F96</generatorID>
<ownerDesignName>bazadanychwpracy</ownerDesignName>
<referredTableLongName>Employee</referredTableLongName>
<deleteRule>NO ACTION</deleteRule>
<referredTableID>6F781535-48EC-AF55-59C3-4E41DB9B43EC</referredTableID>
<keyObject>5951F9C5-CFB2-CEF4-D88A-2E3211E2EBA9</keyObject>
<referredKeyID>5951F9C5-CFB2-CEF4-D88A-2E3211E2EBA9</referredKeyID>
<mandatory>true</mandatory>
<refColNames>EmployeeKey</refColNames>
<transferable>true</transferable>
<rely>false</rely>
<columnDependencyConstraintGenerateInDDL>true</columnDependencyConstraintGenerateInDDL>
</FKIndexAssociation>