<?xml version = '1.0' encoding = 'UTF-8'?>
<FKIndexAssociation class="oracle.dbtools.crest.model.design.relational.FKIndexAssociation" directorySegmentName="seg_0" id="882830BA-76BD-A7CD-A61B-CB57D6354745" containerWithKeyObject="E6322C4C-E9AD-2EDC-69B0-DB7176D76A63" localFKIndex="02C651E4-9ABE-F03E-7FDE-D9539DC33B57" name="OrderDetail_OrderHeader_FK">
<createdBy>karol</createdBy>
<createdTime>2024-01-09 22:38:40 UTC</createdTime>
<generatorID>71AADB6C-152A-9201-60A2-4BCA266D97CE</generatorID>
<ownerDesignName>bazadanychwpracy</ownerDesignName>
<referredTableLongName>OrderHeader</referredTableLongName>
<deleteRule>NO ACTION</deleteRule>
<referredTableID>20636009-74AD-80A7-914E-617FE9FF52B6</referredTableID>
<keyObject>FD529968-8E37-D230-DD25-8AD19F85200F</keyObject>
<referredKeyID>FD529968-8E37-D230-DD25-8AD19F85200F</referredKeyID>
<mandatory>true</mandatory>
<refColNames>OrderKey</refColNames>
<transferable>true</transferable>
<rely>false</rely>
<columnDependencyConstraintGenerateInDDL>true</columnDependencyConstraintGenerateInDDL>
</FKIndexAssociation>