<?xml version = '1.0' encoding = 'UTF-8'?>
<FKIndexAssociation class="oracle.dbtools.crest.model.design.relational.FKIndexAssociation" directorySegmentName="seg_0" id="A7FF74ED-96C4-F285-6538-172D94DB87D9" containerWithKeyObject="20636009-74AD-80A7-914E-617FE9FF52B6" localFKIndex="A6AFE256-9E13-2B95-9A53-FAC7B69D0C91" name="OrderHeader_Customer_FK">
<createdBy>karol</createdBy>
<createdTime>2024-01-09 22:38:40 UTC</createdTime>
<generatorID>825C391C-C18E-1734-1D81-0C1F63E0FDA5</generatorID>
<ownerDesignName>bazadanychwpracy</ownerDesignName>
<referredTableLongName>Customer</referredTableLongName>
<deleteRule>NO ACTION</deleteRule>
<referredTableID>0D63B4C6-D365-D878-B034-CF3D41BD5C1B</referredTableID>
<keyObject>501A4F5A-828A-2DC0-43CE-E5BC1E18C27E</keyObject>
<referredKeyID>501A4F5A-828A-2DC0-43CE-E5BC1E18C27E</referredKeyID>
<mandatory>true</mandatory>
<refColNames>CustomerKey</refColNames>
<transferable>true</transferable>
<rely>false</rely>
<columnDependencyConstraintGenerateInDDL>true</columnDependencyConstraintGenerateInDDL>
</FKIndexAssociation>