<?xml version = '1.0' encoding = 'UTF-8'?>
<FKIndexAssociation class="oracle.dbtools.crest.model.design.relational.FKIndexAssociation" directorySegmentName="seg_0" id="A8C84F0A-7CF0-11B4-79B9-64DF68A59DA2" containerWithKeyObject="F94D1497-78E3-BB1F-59BD-E4755CA4CEAE" localFKIndex="7CFDBFC2-8703-C228-C365-EDDC4DCB6830" name="SalesPoint_Administrator_FK">
<createdBy>karol</createdBy>
<createdTime>2024-01-09 22:38:40 UTC</createdTime>
<generatorID>C53587E4-45D0-9B49-6DE3-0339BA93D7F7</generatorID>
<ownerDesignName>bazadanychwpracy</ownerDesignName>
<referredTableLongName>Administrator</referredTableLongName>
<deleteRule>NO ACTION</deleteRule>
<referredTableID>212F038F-AD36-910D-2B6F-E98D3A2D1883</referredTableID>
<keyObject>0CB53CF3-EFC1-4E24-734A-63B266A3B564</keyObject>
<referredKeyID>0CB53CF3-EFC1-4E24-734A-63B266A3B564</referredKeyID>
<mandatory>true</mandatory>
<refColNames>AdministratorKey</refColNames>
<transferable>true</transferable>
<rely>false</rely>
<columnDependencyConstraintGenerateInDDL>true</columnDependencyConstraintGenerateInDDL>
</FKIndexAssociation>