<?xml version = '1.0' encoding = 'UTF-8'?>
<FKIndexAssociation class="oracle.dbtools.crest.model.design.relational.FKIndexAssociation" directorySegmentName="seg_0" id="D92F11A8-F2AA-8498-63EA-8554BC616323" containerWithKeyObject="17463188-AC0F-5D69-1C44-835E913FF2BC" localFKIndex="FF2BC4AD-BB7F-C300-A658-7CE034D72E32" name="Answear_Question_FK">
<createdBy>karol</createdBy>
<createdTime>2024-01-09 22:38:40 UTC</createdTime>
<generatorID>5AA258BD-62F2-73E4-87F5-A0AB8091A427</generatorID>
<ownerDesignName>bazadanychwpracy</ownerDesignName>
<referredTableLongName>Question</referredTableLongName>
<deleteRule>NO ACTION</deleteRule>
<referredTableID>6A2A5921-581D-AC8B-A45D-9378C7AFC4FC</referredTableID>
<keyObject>22975437-2985-8D8E-3CF6-888CB61F3D9A</keyObject>
<referredKeyID>22975437-2985-8D8E-3CF6-888CB61F3D9A</referredKeyID>
<mandatory>true</mandatory>
<refColNames>QuestionKey</refColNames>
<transferable>true</transferable>
<rely>false</rely>
<columnDependencyConstraintGenerateInDDL>true</columnDependencyConstraintGenerateInDDL>
</FKIndexAssociation>