<?xml version = '1.0' encoding = 'UTF-8'?>
<FKIndexAssociation class="oracle.dbtools.crest.model.design.relational.FKIndexAssociation" directorySegmentName="seg_0" id="DBB2EC45-1707-7567-5D76-4C51A77542D5" containerWithKeyObject="0D63B4C6-D365-D878-B034-CF3D41BD5C1B" localFKIndex="E4887F87-8AA3-63BF-24F0-B26B5846E226" name="Customer_Administrator_FK">
<createdBy>karol</createdBy>
<createdTime>2024-01-09 22:38:40 UTC</createdTime>
<generatorID>4EC98F5F-72C3-F1FE-BAAA-B6E429AC9F29</generatorID>
<ownerDesignName>bazadanychwpracy</ownerDesignName>
<referredTableLongName>Administrator</referredTableLongName>
<deleteRule>NO ACTION</deleteRule>
<referredTableID>212F038F-AD36-910D-2B6F-E98D3A2D1883</referredTableID>
<keyObject>0CB53CF3-EFC1-4E24-734A-63B266A3B564</keyObject>
<referredKeyID>0CB53CF3-EFC1-4E24-734A-63B266A3B564</referredKeyID>
<mandatory>true</mandatory>
<refColNames>AdministratorKey</refColNames>
<transferable>true</transferable>
<rely>false</rely>
<columnDependencyConstraintGenerateInDDL>true</columnDependencyConstraintGenerateInDDL>
</FKIndexAssociation>