<?xml version = '1.0' encoding = 'UTF-8'?>
<FKIndexAssociation class="oracle.dbtools.crest.model.design.relational.FKIndexAssociation" directorySegmentName="seg_0" id="E8805E0B-8BA7-B1D9-CD00-B16251D5785B" containerWithKeyObject="20636009-74AD-80A7-914E-617FE9FF52B6" localFKIndex="E65DD1EA-3A9A-D778-FF97-E44D5577C696" name="OrderHeader_SalesPoint_FK">
<createdBy>karol</createdBy>
<createdTime>2024-01-09 22:38:40 UTC</createdTime>
<generatorID>D93CACB4-A2AA-E69E-57D5-B1D4792B6C1B</generatorID>
<ownerDesignName>bazadanychwpracy</ownerDesignName>
<referredTableLongName>SalesPoint</referredTableLongName>
<deleteRule>NO ACTION</deleteRule>
<referredTableID>F94D1497-78E3-BB1F-59BD-E4755CA4CEAE</referredTableID>
<keyObject>F6DA437B-076D-967B-BEC5-C0392474B548</keyObject>
<referredKeyID>F6DA437B-076D-967B-BEC5-C0392474B548</referredKeyID>
<mandatory>false</mandatory>
<refColNames>SalesPointKey</refColNames>
<transferable>true</transferable>
<rely>false</rely>
<columnDependencyConstraintGenerateInDDL>true</columnDependencyConstraintGenerateInDDL>
</FKIndexAssociation>