<?xml version = '1.0' encoding = 'UTF-8'?>
<FKIndexAssociation class="oracle.dbtools.crest.model.design.relational.FKIndexAssociation" directorySegmentName="seg_0" id="ED030342-7F70-5E62-E61B-5E0DE2601229" containerWithKeyObject="E6322C4C-E9AD-2EDC-69B0-DB7176D76A63" localFKIndex="3CF1FCCE-164B-BBDD-141E-3B063F861560" name="OrderDetail_Product_FK">
<createdBy>karol</createdBy>
<createdTime>2024-01-09 22:38:40 UTC</createdTime>
<generatorID>0FB7DCEF-2710-0501-54C8-093B9CED694F</generatorID>
<ownerDesignName>bazadanychwpracy</ownerDesignName>
<referredTableLongName>Product</referredTableLongName>
<deleteRule>NO ACTION</deleteRule>
<referredTableID>958979FA-76CE-EB8A-4A90-CFCFA2EB527C</referredTableID>
<keyObject>A2D80918-E473-2E6B-937E-9F7E64E17F96</keyObject>
<referredKeyID>A2D80918-E473-2E6B-937E-9F7E64E17F96</referredKeyID>
<mandatory>true</mandatory>
<refColNames>ProductKey</refColNames>
<transferable>true</transferable>
<rely>false</rely>
<columnDependencyConstraintGenerateInDDL>true</columnDependencyConstraintGenerateInDDL>
</FKIndexAssociation>