<?xml version = '1.0' encoding = 'UTF-8'?>
<FKIndexAssociation class="oracle.dbtools.crest.model.design.relational.FKIndexAssociation" directorySegmentName="seg_0" id="F115BB4A-F8CE-A2BC-585D-CE50D6056AB6" containerWithKeyObject="958979FA-76CE-EB8A-4A90-CFCFA2EB527C" localFKIndex="0B732397-8B08-A08B-0022-6ED98E00EA5E" name="Product_ProductSubcategory_FK">
<createdBy>karol</createdBy>
<createdTime>2024-01-09 22:38:40 UTC</createdTime>
<generatorID>66B582F3-D9E0-4220-C711-03BA08E3967D</generatorID>
<ownerDesignName>bazadanychwpracy</ownerDesignName>
<referredTableLongName>ProductSubcategory</referredTableLongName>
<deleteRule>NO ACTION</deleteRule>
<referredTableID>5C7D110C-8809-5343-5959-94DAEA890D75</referredTableID>
<keyObject>1F051E48-88DE-F140-C358-88FDCC910E23</keyObject>
<referredKeyID>1F051E48-88DE-F140-C358-88FDCC910E23</referredKeyID>
<mandatory>true</mandatory>
<refColNames>ProductSubcategoryKey</refColNames>
<transferable>true</transferable>
<rely>false</rely>
<columnDependencyConstraintGenerateInDDL>true</columnDependencyConstraintGenerateInDDL>
</FKIndexAssociation>