<?xml version = '1.0' encoding = 'UTF-8'?>
<FKIndexAssociation class="oracle.dbtools.crest.model.design.relational.FKIndexAssociation" directorySegmentName="seg_0" id="F9D94FCF-1715-4B69-B0E8-EDABF88F9986" containerWithKeyObject="E6322C4C-E9AD-2EDC-69B0-DB7176D76A63" localFKIndex="060D4F0C-9037-4747-CF6C-38053998B4F8" name="OrderDetail_Refund_FK">
<createdBy>karol</createdBy>
<createdTime>2024-01-09 22:38:40 UTC</createdTime>
<generatorID>B3542F0F-1506-B348-21C4-664D1A0FF706</generatorID>
<ownerDesignName>bazadanychwpracy</ownerDesignName>
<referredTableLongName>Refund</referredTableLongName>
<deleteRule>NO ACTION</deleteRule>
<referredTableID>7EAE59BD-4039-B1B9-E8EB-BD2F5D220A86</referredTableID>
<keyObject>0C4A5801-3CF9-D629-D08F-A3CF60B61BFE</keyObject>
<referredKeyID>0C4A5801-3CF9-D629-D08F-A3CF60B61BFE</referredKeyID>
<mandatory>false</mandatory>
<refColNames>RefundKey</refColNames>
<transferable>true</transferable>
<rely>false</rely>
<columnDependencyConstraintGenerateInDDL>true</columnDependencyConstraintGenerateInDDL>
</FKIndexAssociation>