<?xml version = '1.0' encoding = 'UTF-8'?>
<Entity class="oracle.dbtools.crest.model.design.logical.Entity" directorySegmentName="seg_0" id="067F5BA3-FD4D-AA73-C950-F466C4621D9F" name="Question">
<createdBy>student</createdBy>
<createdTime>2023-10-17 08:10:46 UTC</createdTime>
<ownerDesignName>bazadanychwpracy</ownerDesignName>
<engineerTo>
<item key="3275A62E-2A39-891F-D0EB-03CC6A837B93" value="true"/>
<item key="72ECD68E-9CE2-3191-9793-CB255E6A3098" value="true"/>
<item key="F329C2FD-E02A-DAEF-C5A8-03FBEC200E20" value="true"/>
</engineerTo>
<adequatelyNormalized>NO</adequatelyNormalized>
<expectedVolumes>0</expectedVolumes>
<fwdEngineeringStrategyName>Single Table</fwdEngineeringStrategyName>
<growthPercent>0</growthPercent>
<growthType>Year</growthType>
<maxVolumes>9999999</maxVolumes>
<minVolumes>0</minVolumes>
<normalForm>Third</normalForm>
<attributes itemClass="oracle.dbtools.crest.model.design.logical.Attribute">
<Attribute name="QuestionKey" id="6C4822B1-EC8E-0704-DBC3-57D8BF20DE75">
<createdBy>VladiMr</createdBy>
<createdTime>2023-10-19 18:03:19 UTC</createdTime>
<ownerDesignName>bazadanychwpracy</ownerDesignName>
<engineerTo>
<item key="3275A62E-2A39-891F-D0EB-03CC6A837B93" value="true"/>
<item key="72ECD68E-9CE2-3191-9793-CB255E6A3098" value="true"/>
<item key="F329C2FD-E02A-DAEF-C5A8-03FBEC200E20" value="true"/>
</engineerTo>
<useDomainConstraints>false</useDomainConstraints>
<use>1</use>
<logicalDatatype>LOGDT027</logicalDatatype>
<ownDataTypeParameters>,,</ownDataTypeParameters>
</Attribute>
<Attribute name="Title" id="5F2185D0-1E2C-C66F-BF8C-15C1DF9F20D8">
<createdBy>VladiMr</createdBy>
<createdTime>2023-10-19 18:03:32 UTC</createdTime>
<ownerDesignName>bazadanychwpracy</ownerDesignName>
<engineerTo>
<item key="3275A62E-2A39-891F-D0EB-03CC6A837B93" value="true"/>
<item key="72ECD68E-9CE2-3191-9793-CB255E6A3098" value="true"/>
<item key="F329C2FD-E02A-DAEF-C5A8-03FBEC200E20" value="true"/>
</engineerTo>
<useDomainConstraints>false</useDomainConstraints>
<use>1</use>
<logicalDatatype>LOGDT024</logicalDatatype>
<dataTypeSize>20 CHAR</dataTypeSize>
<ownDataTypeParameters>20 CHAR,,</ownDataTypeParameters>
</Attribute>
<Attribute name="Body" id="912638E0-9B61-E950-1881-A26A77F41B54">
<createdBy>VladiMr</createdBy>
<createdTime>2023-10-19 18:03:47 UTC</createdTime>
<ownerDesignName>bazadanychwpracy</ownerDesignName>
<engineerTo>
<item key="3275A62E-2A39-891F-D0EB-03CC6A837B93" value="true"/>
<item key="72ECD68E-9CE2-3191-9793-CB255E6A3098" value="true"/>
<item key="F329C2FD-E02A-DAEF-C5A8-03FBEC200E20" value="true"/>
</engineerTo>
<useDomainConstraints>false</useDomainConstraints>
<use>1</use>
<logicalDatatype>LOGDT024</logicalDatatype>
<dataTypeSize>250 CHAR</dataTypeSize>
<ownDataTypeParameters>250 CHAR,,</ownDataTypeParameters>
</Attribute>
<Attribute name="CustomerKey" id="D1EF7C78-5EB8-1B9B-07A4-293D64EE0466">
<createdBy>VladiMr</createdBy>
<createdTime>2023-10-29 19:12:19 UTC</createdTime>
<generatorID>6D9E4D24-79E2-9A0A-B365-F949CA103D8C</generatorID>
<ownerDesignName>bazadanychwpracy</ownerDesignName>
<engineerTo>
<item key="3275A62E-2A39-891F-D0EB-03CC6A837B93" value="true"/>
<item key="72ECD68E-9CE2-3191-9793-CB255E6A3098" value="true"/>
<item key="F329C2FD-E02A-DAEF-C5A8-03FBEC200E20" value="true"/>
</engineerTo>
<referedAttribute>4B77D631-86DC-2A82-C3B0-79A1ED566C33</referedAttribute>
<useDomainConstraints>false</useDomainConstraints>
<use>1</use>
<logicalDatatype>LOGDT027</logicalDatatype>
<ownDataTypeParameters>,,</ownDataTypeParameters>
</Attribute>
<Attribute name="ProductKey" id="702535E3-E611-D72D-2E2E-9A246977E953">
<createdBy>VladiMr</createdBy>
<createdTime>2023-10-19 17:54:59 UTC</createdTime>
<generatorID>1761565A-7BB6-3BF8-FCA9-8665558F0F0A</generatorID>
<ownerDesignName>bazadanychwpracy</ownerDesignName>
<engineerTo>
<item key="3275A62E-2A39-891F-D0EB-03CC6A837B93" value="true"/>
<item key="72ECD68E-9CE2-3191-9793-CB255E6A3098" value="true"/>
<item key="F329C2FD-E02A-DAEF-C5A8-03FBEC200E20" value="true"/>
</engineerTo>
<referedAttribute>07F6E527-29C7-B955-58F2-C7E9E0961FA9</referedAttribute>
<useDomainConstraints>false</useDomainConstraints>
<use>1</use>
<logicalDatatype>LOGDT011</logicalDatatype>
<ownDataTypeParameters>,,</ownDataTypeParameters>
</Attribute>
</attributes>
<identifiers itemClass="oracle.dbtools.crest.model.design.logical.CandidateKey">
<identifier id="46B65C0F-2831-39B6-E6F9-9901D188E7AC" name="Question PK">
<createdBy>VladiMr</createdBy>
<createdTime>2023-10-19 18:03:31 UTC</createdTime>
<ownerDesignName>bazadanychwpracy</ownerDesignName>
<engineerTo>
<item key="3275A62E-2A39-891F-D0EB-03CC6A837B93" value="true"/>
<item key="72ECD68E-9CE2-3191-9793-CB255E6A3098" value="true"/>
<item key="F329C2FD-E02A-DAEF-C5A8-03FBEC200E20" value="true"/>
</engineerTo>
<pk>true</pk>
<usedAttributes>
<attributeRef>6C4822B1-EC8E-0704-DBC3-57D8BF20DE75</attributeRef>
</usedAttributes>
</identifier>
</identifiers>
</Entity>