<?xml version = '1.0' encoding = 'UTF-8'?>
<Entity class="oracle.dbtools.crest.model.design.logical.Entity" directorySegmentName="seg_0" id="4F4230F6-9DB6-C505-227A-37058F17F4BB" name="City">
<createdBy>student</createdBy>
<createdTime>2023-10-17 07:56:26 UTC</createdTime>
<ownerDesignName>bazadanychwpracy</ownerDesignName>
<engineerTo>
<item key="72ECD68E-9CE2-3191-9793-CB255E6A3098" value="true"/>
</engineerTo>
<adequatelyNormalized>NO</adequatelyNormalized>
<expectedVolumes>0</expectedVolumes>
<fwdEngineeringStrategyName>Single Table</fwdEngineeringStrategyName>
<growthPercent>0</growthPercent>
<growthType>Year</growthType>
<maxVolumes>9999999</maxVolumes>
<minVolumes>0</minVolumes>
<normalForm>Third</normalForm>
<attributes itemClass="oracle.dbtools.crest.model.design.logical.Attribute">
<Attribute name="CityKey" id="2C93C47E-054F-EF39-768A-6D3F05E970ED">
<createdBy>VladiMr</createdBy>
<createdTime>2023-10-19 17:44:50 UTC</createdTime>
<ownerDesignName>bazadanychwpracy</ownerDesignName>
<engineerTo>
<item key="72ECD68E-9CE2-3191-9793-CB255E6A3098" value="true"/>
</engineerTo>
<useDomainConstraints>false</useDomainConstraints>
<use>1</use>
<logicalDatatype>LOGDT011</logicalDatatype>
<ownDataTypeParameters>,,</ownDataTypeParameters>
</Attribute>
<Attribute name="Name" id="0CF4B6EC-1282-8F85-7831-E841EBD0CD8B">
<createdBy>VladiMr</createdBy>
<createdTime>2023-10-19 17:45:13 UTC</createdTime>
<ownerDesignName>bazadanychwpracy</ownerDesignName>
<engineerTo>
<item key="72ECD68E-9CE2-3191-9793-CB255E6A3098" value="true"/>
</engineerTo>
<useDomainConstraints>false</useDomainConstraints>
<use>1</use>
<logicalDatatype>LOGDT024</logicalDatatype>
<dataTypeSize>50 CHAR</dataTypeSize>
<ownDataTypeParameters>50 CHAR,,</ownDataTypeParameters>
</Attribute>
<Attribute name="PostalCode" id="778238D4-AE5E-D960-BD05-F8902EF72DBF">
<createdBy>VladiMr</createdBy>
<createdTime>2023-10-19 17:45:30 UTC</createdTime>
<ownerDesignName>bazadanychwpracy</ownerDesignName>
<engineerTo>
<item key="72ECD68E-9CE2-3191-9793-CB255E6A3098" value="true"/>
</engineerTo>
<useDomainConstraints>false</useDomainConstraints>
<use>1</use>
<logicalDatatype>LOGDT024</logicalDatatype>
<dataTypeSize>50 CHAR</dataTypeSize>
<ownDataTypeParameters>50 CHAR,,</ownDataTypeParameters>
</Attribute>
<Attribute name="CountryKey" id="A64ECA43-530D-A7E9-151F-7D061D9FC1C0">
<createdBy>VladiMr</createdBy>
<createdTime>2023-10-19 17:41:17 UTC</createdTime>
<generatorID>781CFAF6-5A3D-5C06-FFE8-C0E67D2BA349</generatorID>
<ownerDesignName>bazadanychwpracy</ownerDesignName>
<engineerTo>
<item key="72ECD68E-9CE2-3191-9793-CB255E6A3098" value="true"/>
</engineerTo>
<referedAttribute>DC51657F-8DDF-FF24-E933-D5798A7A71FD</referedAttribute>
<useDomainConstraints>false</useDomainConstraints>
<use>1</use>
<logicalDatatype>LOGDT018</logicalDatatype>
<ownDataTypeParameters>,,</ownDataTypeParameters>
</Attribute>
</attributes>
<identifiers itemClass="oracle.dbtools.crest.model.design.logical.CandidateKey">
<identifier id="FC26A217-0CE4-C68A-6579-50CCBC27C904" name="City PK">
<createdBy>VladiMr</createdBy>
<createdTime>2023-10-19 17:45:08 UTC</createdTime>
<ownerDesignName>bazadanychwpracy</ownerDesignName>
<engineerTo>
<item key="72ECD68E-9CE2-3191-9793-CB255E6A3098" value="true"/>
</engineerTo>
<pk>true</pk>
<newElementsIDs>2C93C47E-054F-EF39-768A-6D3F05E970ED</newElementsIDs>
<usedAttributes>
<attributeRef>2C93C47E-054F-EF39-768A-6D3F05E970ED</attributeRef>
</usedAttributes>
</identifier>
<identifier id="A013D199-F722-5BCD-217F-1EA28AFE9EE9" name="City_PostalCode_UN">
<createdBy>karol</createdBy>
<createdTime>2023-10-23 21:35:30 UTC</createdTime>
<ownerDesignName>bazadanychwpracy</ownerDesignName>
<engineerTo>
<item key="72ECD68E-9CE2-3191-9793-CB255E6A3098" value="true"/>
</engineerTo>
<newElementsIDs>778238D4-AE5E-D960-BD05-F8902EF72DBF</newElementsIDs>
<usedAttributes>
<attributeRef>778238D4-AE5E-D960-BD05-F8902EF72DBF</attributeRef>
</usedAttributes>
</identifier>
</identifiers>
</Entity>