<?xml version = '1.0' encoding = 'UTF-8'?>
<Entity class="oracle.dbtools.crest.model.design.logical.Entity" directorySegmentName="seg_0" id="53F9F9F6-19F6-C3CA-76C5-FAB162604EB0" name="SalesTerritory">
<createdBy>student</createdBy>
<createdTime>2023-10-17 08:05:48 UTC</createdTime>
<ownerDesignName>bazadanychwpracy</ownerDesignName>
<engineerTo>
<item key="72ECD68E-9CE2-3191-9793-CB255E6A3098" value="true"/>
</engineerTo>
<adequatelyNormalized>NO</adequatelyNormalized>
<expectedVolumes>0</expectedVolumes>
<fwdEngineeringStrategyName>Single Table</fwdEngineeringStrategyName>
<growthPercent>0</growthPercent>
<growthType>Year</growthType>
<maxVolumes>9999999</maxVolumes>
<minVolumes>0</minVolumes>
<normalForm>Third</normalForm>
<attributes itemClass="oracle.dbtools.crest.model.design.logical.Attribute">
<Attribute name="SalesTerritoryKey" id="220FCC3D-BF66-41F9-4F63-754616E1979C">
<createdBy>VladiMr</createdBy>
<createdTime>2023-10-19 17:43:34 UTC</createdTime>
<ownerDesignName>bazadanychwpracy</ownerDesignName>
<engineerTo>
<item key="72ECD68E-9CE2-3191-9793-CB255E6A3098" value="true"/>
</engineerTo>
<useDomainConstraints>false</useDomainConstraints>
<use>1</use>
<logicalDatatype>LOGDT018</logicalDatatype>
<ownDataTypeParameters>,,</ownDataTypeParameters>
</Attribute>
<Attribute name="Name" id="59A59A99-6BF7-C41D-3E6D-078D79D27A88">
<createdBy>VladiMr</createdBy>
<createdTime>2023-10-19 17:44:22 UTC</createdTime>
<ownerDesignName>bazadanychwpracy</ownerDesignName>
<engineerTo>
<item key="72ECD68E-9CE2-3191-9793-CB255E6A3098" value="true"/>
</engineerTo>
<useDomainConstraints>false</useDomainConstraints>
<use>1</use>
<logicalDatatype>LOGDT024</logicalDatatype>
<dataTypeSize>50 CHAR</dataTypeSize>
<ownDataTypeParameters>50 CHAR,,</ownDataTypeParameters>
</Attribute>
</attributes>
<identifiers itemClass="oracle.dbtools.crest.model.design.logical.CandidateKey">
<identifier id="E50FAF39-DB94-7994-1506-36976CFC0A21" name="SalesTerritory PK">
<createdBy>VladiMr</createdBy>
<createdTime>2023-10-19 17:43:51 UTC</createdTime>
<ownerDesignName>bazadanychwpracy</ownerDesignName>
<engineerTo>
<item key="72ECD68E-9CE2-3191-9793-CB255E6A3098" value="true"/>
</engineerTo>
<pk>true</pk>
<newElementsIDs>220FCC3D-BF66-41F9-4F63-754616E1979C</newElementsIDs>
<usedAttributes>
<attributeRef>220FCC3D-BF66-41F9-4F63-754616E1979C</attributeRef>
</usedAttributes>
</identifier>
<identifier id="D20B5686-73D1-4E4F-6549-6044DCD1DF04" name="SalesTerritory_Name_UN">
<createdBy>karol</createdBy>
<createdTime>2023-10-23 22:11:05 UTC</createdTime>
<ownerDesignName>bazadanychwpracy</ownerDesignName>
<engineerTo>
<item key="72ECD68E-9CE2-3191-9793-CB255E6A3098" value="true"/>
</engineerTo>
<newElementsIDs>59A59A99-6BF7-C41D-3E6D-078D79D27A88</newElementsIDs>
<usedAttributes>
<attributeRef>59A59A99-6BF7-C41D-3E6D-078D79D27A88</attributeRef>
</usedAttributes>
</identifier>
</identifiers>
</Entity>