<?xml version = '1.0' encoding = 'UTF-8'?>
<Entity class="oracle.dbtools.crest.model.design.logical.Entity" directorySegmentName="seg_0" id="546CF247-3153-1E18-2CC0-5E0241C05B3C" name="SaleReport">
<createdBy>student</createdBy>
<createdTime>2023-10-17 08:37:59 UTC</createdTime>
<ownerDesignName>bazadanychwpracy</ownerDesignName>
<engineerTo>
<item key="72ECD68E-9CE2-3191-9793-CB255E6A3098" value="true"/>
</engineerTo>
<adequatelyNormalized>NO</adequatelyNormalized>
<expectedVolumes>0</expectedVolumes>
<fwdEngineeringStrategyName>Single Table</fwdEngineeringStrategyName>
<growthPercent>0</growthPercent>
<growthType>Year</growthType>
<maxVolumes>9999999</maxVolumes>
<minVolumes>0</minVolumes>
<normalForm>Third</normalForm>
<attributes itemClass="oracle.dbtools.crest.model.design.logical.Attribute">
<Attribute name="SaleReportKey" id="29D7D732-A967-9765-33FB-83EA3BA0248E">
<createdBy>VladiMr</createdBy>
<createdTime>2023-10-19 18:00:45 UTC</createdTime>
<ownerDesignName>bazadanychwpracy</ownerDesignName>
<engineerTo>
<item key="72ECD68E-9CE2-3191-9793-CB255E6A3098" value="true"/>
</engineerTo>
<useDomainConstraints>false</useDomainConstraints>
<use>1</use>
<logicalDatatype>LOGDT027</logicalDatatype>
<ownDataTypeParameters>,,</ownDataTypeParameters>
</Attribute>
<Attribute name="Title" id="4BBF0FCB-7868-01D8-B6A8-85FF63DCA06B">
<createdBy>student</createdBy>
<createdTime>2023-10-24 07:58:32 UTC</createdTime>
<ownerDesignName>bazadanychwpracy</ownerDesignName>
<engineerTo>
<item key="72ECD68E-9CE2-3191-9793-CB255E6A3098" value="true"/>
</engineerTo>
<useDomainConstraints>false</useDomainConstraints>
<use>1</use>
<logicalDatatype>LOGDT024</logicalDatatype>
<dataTypeSize>50</dataTypeSize>
<ownDataTypeParameters>50,,</ownDataTypeParameters>
</Attribute>
<Attribute name="Date" id="80EABB90-E560-439E-5CFA-CE76B936EECD">
<createdBy>student</createdBy>
<createdTime>2023-10-24 07:58:59 UTC</createdTime>
<ownerDesignName>bazadanychwpracy</ownerDesignName>
<engineerTo>
<item key="72ECD68E-9CE2-3191-9793-CB255E6A3098" value="true"/>
</engineerTo>
<useDomainConstraints>false</useDomainConstraints>
<use>1</use>
<logicalDatatype>LOGDT007</logicalDatatype>
<ownDataTypeParameters>,,</ownDataTypeParameters>
</Attribute>
<Attribute name="SalesPoint SalesPointKey" id="7E2A9CA2-114A-4F1A-C704-2F557EE1735D">
<createdBy>VladiMr</createdBy>
<createdTime>2023-10-19 17:47:47 UTC</createdTime>
<generatorID>BE0D5AFE-18B4-4BAC-68B0-DADB45BA213D</generatorID>
<ownerDesignName>bazadanychwpracy</ownerDesignName>
<engineerTo>
<item key="72ECD68E-9CE2-3191-9793-CB255E6A3098" value="true"/>
</engineerTo>
<referedAttribute>0158F247-ADE4-DD65-81C5-BC0797607628</referedAttribute>
<useDomainConstraints>false</useDomainConstraints>
<use>1</use>
<logicalDatatype>LOGDT011</logicalDatatype>
<ownDataTypeParameters>,,</ownDataTypeParameters>
</Attribute>
</attributes>
<identifiers itemClass="oracle.dbtools.crest.model.design.logical.CandidateKey">
<identifier id="74B2EF37-C002-1CCE-C51F-38CDEC88FE49" name="SaleReport_PK">
<createdBy>VladiMr</createdBy>
<createdTime>2023-10-19 18:00:51 UTC</createdTime>
<ownerDesignName>bazadanychwpracy</ownerDesignName>
<engineerTo>
<item key="72ECD68E-9CE2-3191-9793-CB255E6A3098" value="true"/>
</engineerTo>
<pk>true</pk>
<usedAttributes>
<attributeRef>29D7D732-A967-9765-33FB-83EA3BA0248E</attributeRef>
</usedAttributes>
</identifier>
</identifiers>
</Entity>