<?xml version = '1.0' encoding = 'UTF-8'?>
<Entity class="oracle.dbtools.crest.model.design.logical.Entity" directorySegmentName="seg_0" id="E919A297-E7BF-3DFF-4385-556FE05A72DE" name="Country">
<createdBy>student</createdBy>
<createdTime>2023-10-17 07:56:31 UTC</createdTime>
<ownerDesignName>bazadanychwpracy</ownerDesignName>
<engineerTo>
<item key="72ECD68E-9CE2-3191-9793-CB255E6A3098" value="true"/>
</engineerTo>
<adequatelyNormalized>NO</adequatelyNormalized>
<expectedVolumes>0</expectedVolumes>
<fwdEngineeringStrategyName>Single Table</fwdEngineeringStrategyName>
<growthPercent>0</growthPercent>
<growthType>Year</growthType>
<maxVolumes>9999999</maxVolumes>
<minVolumes>0</minVolumes>
<normalForm>Third</normalForm>
<attributes itemClass="oracle.dbtools.crest.model.design.logical.Attribute">
<Attribute name="CountryKey" id="DC51657F-8DDF-FF24-E933-D5798A7A71FD">
<createdBy>VladiMr</createdBy>
<createdTime>2023-10-19 17:40:39 UTC</createdTime>
<ownerDesignName>bazadanychwpracy</ownerDesignName>
<engineerTo>
<item key="72ECD68E-9CE2-3191-9793-CB255E6A3098" value="true"/>
</engineerTo>
<useDomainConstraints>false</useDomainConstraints>
<use>1</use>
<logicalDatatype>LOGDT018</logicalDatatype>
<ownDataTypeParameters>,,</ownDataTypeParameters>
</Attribute>
<Attribute name="Name" id="15B21990-D6DC-B3D7-277E-9A4676A362EA">
<createdBy>VladiMr</createdBy>
<createdTime>2023-10-19 17:40:47 UTC</createdTime>
<ownerDesignName>bazadanychwpracy</ownerDesignName>
<engineerTo>
<item key="72ECD68E-9CE2-3191-9793-CB255E6A3098" value="true"/>
</engineerTo>
<useDomainConstraints>false</useDomainConstraints>
<use>1</use>
<structuredType>47E390DE-0671-C4B1-8428-0F45CBEE18F8</structuredType>
<logicalDatatype>LOGDT024</logicalDatatype>
<dataTypeSize>50 CHAR</dataTypeSize>
<ownDataTypeParameters>50 CHAR,,</ownDataTypeParameters>
</Attribute>
<Attribute name="Code" id="6430B5AE-5205-BE46-C8B5-3796C0E5E368">
<createdBy>VladiMr</createdBy>
<createdTime>2023-10-19 17:42:57 UTC</createdTime>
<ownerDesignName>bazadanychwpracy</ownerDesignName>
<engineerTo>
<item key="72ECD68E-9CE2-3191-9793-CB255E6A3098" value="true"/>
</engineerTo>
<useDomainConstraints>false</useDomainConstraints>
<use>1</use>
<logicalDatatype>LOGDT024</logicalDatatype>
<dataTypeSize>50 CHAR</dataTypeSize>
<ownDataTypeParameters>50 CHAR,,</ownDataTypeParameters>
</Attribute>
<Attribute name="SalesTerritoryKey" id="8FAD635F-6FBC-B5C2-532F-D29E113AB094">
<createdBy>VladiMr</createdBy>
<createdTime>2023-10-29 19:20:04 UTC</createdTime>
<generatorID>EE1A9B8E-2B1A-C75D-BDFD-BAA74C8F034F</generatorID>
<ownerDesignName>bazadanychwpracy</ownerDesignName>
<engineerTo>
<item key="72ECD68E-9CE2-3191-9793-CB255E6A3098" value="true"/>
</engineerTo>
<referedAttribute>220FCC3D-BF66-41F9-4F63-754616E1979C</referedAttribute>
<useDomainConstraints>false</useDomainConstraints>
<use>1</use>
<logicalDatatype>LOGDT018</logicalDatatype>
<ownDataTypeParameters>,,</ownDataTypeParameters>
</Attribute>
</attributes>
<identifiers itemClass="oracle.dbtools.crest.model.design.logical.CandidateKey">
<identifier id="D9662E9C-C03E-D782-139F-07ADDA181729" name="Country PK">
<createdBy>VladiMr</createdBy>
<createdTime>2023-10-19 17:40:45 UTC</createdTime>
<ownerDesignName>bazadanychwpracy</ownerDesignName>
<engineerTo>
<item key="72ECD68E-9CE2-3191-9793-CB255E6A3098" value="true"/>
</engineerTo>
<pk>true</pk>
<newElementsIDs>DC51657F-8DDF-FF24-E933-D5798A7A71FD</newElementsIDs>
<usedAttributes>
<attributeRef>DC51657F-8DDF-FF24-E933-D5798A7A71FD</attributeRef>
</usedAttributes>
</identifier>
<identifier id="14A17547-3292-91EC-4AF7-8C2D791C8DEE" name="Country_Code_UN">
<createdBy>karol</createdBy>
<createdTime>2023-10-23 21:36:03 UTC</createdTime>
<ownerDesignName>bazadanychwpracy</ownerDesignName>
<engineerTo>
<item key="72ECD68E-9CE2-3191-9793-CB255E6A3098" value="true"/>
</engineerTo>
<newElementsIDs>6430B5AE-5205-BE46-C8B5-3796C0E5E368</newElementsIDs>
<usedAttributes>
<attributeRef>6430B5AE-5205-BE46-C8B5-3796C0E5E368</attributeRef>
</usedAttributes>
</identifier>
<identifier id="2B2195AA-3710-ABA1-A6EC-2E9CB53E0B1B" name="Country_Name_UN">
<createdBy>karol</createdBy>
<createdTime>2023-10-23 22:10:53 UTC</createdTime>
<ownerDesignName>bazadanychwpracy</ownerDesignName>
<engineerTo>
<item key="72ECD68E-9CE2-3191-9793-CB255E6A3098" value="true"/>
</engineerTo>
<newElementsIDs>15B21990-D6DC-B3D7-277E-9A4676A362EA</newElementsIDs>
<usedAttributes>
<attributeRef>15B21990-D6DC-B3D7-277E-9A4676A362EA</attributeRef>
</usedAttributes>
</identifier>
</identifiers>
</Entity>