<?xml version = '1.0' encoding = 'UTF-8'?>
<Table class="oracle.dbtools.crest.model.design.relational.Table" directorySegmentName="seg_0" id="2EF3BB1F-9468-9AD1-FFDB-68B7C10BEFA7" name="Administrator">
<createdBy>karol</createdBy>
<createdTime>2024-01-16 09:16:35 UTC</createdTime>
<generatorID>664056F9-0703-B66E-9669-F4D820CA467C</generatorID>
<ownerDesignName>bazka</ownerDesignName>
<allowColumnReorder>false</allowColumnReorder>
<existDependencyGenerateInDDl>true</existDependencyGenerateInDDl>
<parsed>true</parsed>
<columns itemClass="oracle.dbtools.crest.model.design.relational.Column">
<Column name="AdministratorKey" id="10E090CB-75F1-5712-07B4-A308B191F434">
<createdBy>karol</createdBy>
<createdTime>2024-01-16 09:16:35 UTC</createdTime>
<generatorID>6A271DCA-278B-794B-6384-E7B8A767218E</generatorID>
<ownerDesignName>bazka</ownerDesignName>
<useDomainConstraints>false</useDomainConstraints>
<use>1</use>
<logicalDatatype>LOGDT018</logicalDatatype>
<ownDataTypeParameters>,,</ownDataTypeParameters>
<autoIncrementCycle>false</autoIncrementCycle>
</Column>
<Column name="Name" id="C4CFC8BB-192D-1EBC-F0FE-3D075810D359">
<createdBy>karol</createdBy>
<createdTime>2024-01-16 09:16:35 UTC</createdTime>
<generatorID>FBC69EE8-A23F-4700-1F50-941764D3F0D5</generatorID>
<ownerDesignName>bazka</ownerDesignName>
<useDomainConstraints>false</useDomainConstraints>
<use>1</use>
<logicalDatatype>LOGDT024</logicalDatatype>
<dataTypeSize>50 CHAR</dataTypeSize>
<ownDataTypeParameters>50 CHAR,,</ownDataTypeParameters>
<autoIncrementCycle>false</autoIncrementCycle>
</Column>
<Column name="PhoneNumber" id="221E9A75-F539-D4BF-672C-3A29B6388689">
<createdBy>karol</createdBy>
<createdTime>2024-01-16 09:16:35 UTC</createdTime>
<generatorID>1395EC71-0F5C-E0BF-DD8B-88FBD0FA0F40</generatorID>
<ownerDesignName>bazka</ownerDesignName>
<useDomainConstraints>false</useDomainConstraints>
<use>1</use>
<logicalDatatype>LOGDT024</logicalDatatype>
<dataTypeSize>11 CHAR</dataTypeSize>
<ownDataTypeParameters>11 CHAR,,</ownDataTypeParameters>
<autoIncrementCycle>false</autoIncrementCycle>
</Column>
</columns>
<indexes itemClass="oracle.dbtools.crest.model.design.relational.Index">
<ind_PK_UK id="C3C49AE5-C16D-FFE8-FA6F-576BAE17672C" name="Administrator_PK">
<createdBy>karol</createdBy>
<createdTime>2024-01-16 09:16:35 UTC</createdTime>
<generatorID>B45EC1F2-1DCF-0671-EF09-92D4EBEE0FED</generatorID>
<ownerDesignName>bazka</ownerDesignName>
<pk>true</pk>
<indexState>Primary Constraint</indexState>
<isSurrogateKey>false</isSurrogateKey>
<indexColumnUsage>
<colUsage columnID="10E090CB-75F1-5712-07B4-A308B191F434"/>
</indexColumnUsage>
</ind_PK_UK>
<ind_PK_UK id="81F9C579-1EF3-3AFE-8381-55BE38137530" name="Administrator_Name_UN">
<createdBy>karol</createdBy>
<createdTime>2024-01-16 09:16:35 UTC</createdTime>
<generatorID>B8246539-FFA6-B3C2-72C0-ECCBFB210AEB</generatorID>
<ownerDesignName>bazka</ownerDesignName>
<indexState>Unique Constraint</indexState>
<isSurrogateKey>false</isSurrogateKey>
<indexColumnUsage>
<colUsage columnID="C4CFC8BB-192D-1EBC-F0FE-3D075810D359"/>
</indexColumnUsage>
</ind_PK_UK>
<ind_PK_UK id="1AAA6E6E-F6BB-0A72-71D2-C653C91FB2D7" name="Administrator_PhoneNumber_UN">
<createdBy>karol</createdBy>
<createdTime>2024-01-16 09:16:35 UTC</createdTime>
<generatorID>B31D7739-320F-B0F1-017B-F420D4077B5F</generatorID>
<ownerDesignName>bazka</ownerDesignName>
<indexState>Unique Constraint</indexState>
<isSurrogateKey>false</isSurrogateKey>
<indexColumnUsage>
<colUsage columnID="221E9A75-F539-D4BF-672C-3A29B6388689"/>
</indexColumnUsage>
</ind_PK_UK>
</indexes>
</Table>