<?xml version = '1.0' encoding = 'UTF-8'?>
<Table class="oracle.dbtools.crest.model.design.relational.Table" directorySegmentName="seg_0" id="97D4172C-518D-CA09-6495-2B929FD3BDC6" name="Question">
<createdBy>karol</createdBy>
<createdTime>2024-01-16 09:16:35 UTC</createdTime>
<generatorID>067F5BA3-FD4D-AA73-C950-F466C4621D9F</generatorID>
<ownerDesignName>bazka</ownerDesignName>
<allowColumnReorder>false</allowColumnReorder>
<existDependencyGenerateInDDl>true</existDependencyGenerateInDDl>
<parsed>true</parsed>
<columns itemClass="oracle.dbtools.crest.model.design.relational.Column">
<Column name="QuestionKey" id="A604F60F-C071-B6A0-FCC7-299E2772F162">
<createdBy>karol</createdBy>
<createdTime>2024-01-16 09:16:35 UTC</createdTime>
<generatorID>6C4822B1-EC8E-0704-DBC3-57D8BF20DE75</generatorID>
<ownerDesignName>bazka</ownerDesignName>
<useDomainConstraints>false</useDomainConstraints>
<use>1</use>
<logicalDatatype>LOGDT027</logicalDatatype>
<ownDataTypeParameters>,,</ownDataTypeParameters>
<autoIncrementCycle>false</autoIncrementCycle>
</Column>
<Column name="Title" id="2D7A058E-D9F6-1DFB-85B3-7DD4CFCAA531">
<createdBy>karol</createdBy>
<createdTime>2024-01-16 09:16:35 UTC</createdTime>
<generatorID>5F2185D0-1E2C-C66F-BF8C-15C1DF9F20D8</generatorID>
<ownerDesignName>bazka</ownerDesignName>
<useDomainConstraints>false</useDomainConstraints>
<use>1</use>
<logicalDatatype>LOGDT024</logicalDatatype>
<dataTypeSize>20 CHAR</dataTypeSize>
<ownDataTypeParameters>20 CHAR,,</ownDataTypeParameters>
<autoIncrementCycle>false</autoIncrementCycle>
</Column>
<Column name="Body" id="339891B9-BB8C-A2D2-53FB-F8B07F26F166">
<createdBy>karol</createdBy>
<createdTime>2024-01-16 09:16:35 UTC</createdTime>
<generatorID>912638E0-9B61-E950-1881-A26A77F41B54</generatorID>
<ownerDesignName>bazka</ownerDesignName>
<useDomainConstraints>false</useDomainConstraints>
<use>1</use>
<logicalDatatype>LOGDT024</logicalDatatype>
<dataTypeSize>250 CHAR</dataTypeSize>
<ownDataTypeParameters>250 CHAR,,</ownDataTypeParameters>
<autoIncrementCycle>false</autoIncrementCycle>
</Column>
<Column name="CustomerKey" id="10DD3751-A051-C500-8E4C-2CBB4A885E06">
<createdBy>karol</createdBy>
<createdTime>2024-01-16 09:16:35 UTC</createdTime>
<generatorID>D1EF7C78-5EB8-1B9B-07A4-293D64EE0466</generatorID>
<ownerDesignName>bazka</ownerDesignName>
<useDomainConstraints>false</useDomainConstraints>
<use>1</use>
<logicalDatatype>LOGDT027</logicalDatatype>
<ownDataTypeParameters>,,</ownDataTypeParameters>
<previousColumn>false</previousColumn>
<autoIncrementCycle>false</autoIncrementCycle>
<associations>
<colAssociation fkAssociation="8616430B-1460-87E6-AD92-5DFDA0D845F7" referredColumn="7A863FD3-680F-3283-7047-0985084BFDB0"/>
</associations>
</Column>
<Column name="ProductKey" id="BD74D08C-0C05-82BB-39ED-1D7A87C49EB5">
<createdBy>karol</createdBy>
<createdTime>2024-01-16 09:16:35 UTC</createdTime>
<generatorID>702535E3-E611-D72D-2E2E-9A246977E953</generatorID>
<ownerDesignName>bazka</ownerDesignName>
<useDomainConstraints>false</useDomainConstraints>
<use>1</use>
<logicalDatatype>LOGDT011</logicalDatatype>
<ownDataTypeParameters>,,</ownDataTypeParameters>
<previousColumn>false</previousColumn>
<autoIncrementCycle>false</autoIncrementCycle>
<associations>
<colAssociation fkAssociation="D4DAAC3F-7425-63A0-3A8B-2D45DC2C2A38" referredColumn="2F249641-6A16-E3DC-3234-3E88CE35E184"/>
</associations>
</Column>
</columns>
<indexes itemClass="oracle.dbtools.crest.model.design.relational.Index">
<ind_PK_UK id="54AAA496-5D5C-10E7-2F55-AA17F1046F05" name="Question_PK">
<createdBy>karol</createdBy>
<createdTime>2024-01-16 09:16:35 UTC</createdTime>
<generatorID>46B65C0F-2831-39B6-E6F9-9901D188E7AC</generatorID>
<ownerDesignName>bazka</ownerDesignName>
<pk>true</pk>
<indexState>Primary Constraint</indexState>
<isSurrogateKey>false</isSurrogateKey>
<indexColumnUsage>
<colUsage columnID="A604F60F-C071-B6A0-FCC7-299E2772F162"/>
</indexColumnUsage>
</ind_PK_UK>
<ind_PK_UK id="94347138-69E3-4F6D-8965-4964E0DFCF0B" name="Customer_FK">
<createdBy>karol</createdBy>
<createdTime>2024-01-16 09:16:35 UTC</createdTime>
<generatorID>6D9E4D24-79E2-9A0A-B365-F949CA103D8C</generatorID>
<ownerDesignName>bazka</ownerDesignName>
<indexState>Foreign Key</indexState>
<isSurrogateKey>false</isSurrogateKey>
<indexColumnUsage>
<colUsage columnID="10DD3751-A051-C500-8E4C-2CBB4A885E06"/>
</indexColumnUsage>
</ind_PK_UK>
<ind_PK_UK id="27454702-1F48-C85B-8B0E-F03E0F4FFC34" name="Product_FK">
<createdBy>karol</createdBy>
<createdTime>2024-01-16 09:16:35 UTC</createdTime>
<generatorID>1761565A-7BB6-3BF8-FCA9-8665558F0F0A</generatorID>
<ownerDesignName>bazka</ownerDesignName>
<indexState>Foreign Key</indexState>
<isSurrogateKey>false</isSurrogateKey>
<indexColumnUsage>
<colUsage columnID="BD74D08C-0C05-82BB-39ED-1D7A87C49EB5"/>
</indexColumnUsage>
</ind_PK_UK>
</indexes>
</Table>