<?xml version = '1.0' encoding = 'UTF-8'?>
<Table class="oracle.dbtools.crest.model.design.relational.Table" directorySegmentName="seg_0" id="AA030F0C-549F-40D5-77DC-66580640A053" name="Answer">
<createdBy>karol</createdBy>
<createdTime>2024-01-16 09:16:35 UTC</createdTime>
<generatorID>A787A436-9C60-F1F6-86AD-FF468F67E100</generatorID>
<ownerDesignName>bazka</ownerDesignName>
<allowColumnReorder>false</allowColumnReorder>
<existDependencyGenerateInDDl>true</existDependencyGenerateInDDl>
<parsed>true</parsed>
<columns itemClass="oracle.dbtools.crest.model.design.relational.Column">
<Column name="AnswerKey" id="C7C5FF94-4832-734A-F2A7-2C066D19B0B9">
<createdBy>karol</createdBy>
<createdTime>2024-01-16 09:16:35 UTC</createdTime>
<generatorID>F9C198AD-84BB-2472-716D-32C976EBCD2D</generatorID>
<ownerDesignName>bazka</ownerDesignName>
<useDomainConstraints>false</useDomainConstraints>
<use>1</use>
<logicalDatatype>LOGDT027</logicalDatatype>
<ownDataTypeParameters>,,</ownDataTypeParameters>
<autoIncrementCycle>false</autoIncrementCycle>
</Column>
<Column name="Body" id="B73F2CD3-F098-80D9-7760-790DBFFF65D9">
<createdBy>karol</createdBy>
<createdTime>2024-01-16 09:16:35 UTC</createdTime>
<generatorID>98824F99-B222-2DD4-4763-873BAD8AF72B</generatorID>
<ownerDesignName>bazka</ownerDesignName>
<useDomainConstraints>false</useDomainConstraints>
<use>1</use>
<logicalDatatype>LOGDT024</logicalDatatype>
<dataTypeSize>250 CHAR</dataTypeSize>
<ownDataTypeParameters>250 CHAR,,</ownDataTypeParameters>
<autoIncrementCycle>false</autoIncrementCycle>
</Column>
<Column name="QuestionKey" id="671CFECE-39C6-5DFC-A716-FC8EA8961EB8">
<createdBy>karol</createdBy>
<createdTime>2024-01-16 09:16:35 UTC</createdTime>
<generatorID>79EB8A95-341A-81B1-6CE0-90F1D1D08A6A</generatorID>
<ownerDesignName>bazka</ownerDesignName>
<nullsAllowed>true</nullsAllowed>
<useDomainConstraints>false</useDomainConstraints>
<use>1</use>
<logicalDatatype>LOGDT027</logicalDatatype>
<ownDataTypeParameters>,,</ownDataTypeParameters>
<previousColumn>false</previousColumn>
<autoIncrementCycle>false</autoIncrementCycle>
<associations>
<colAssociation fkAssociation="1CBF38A4-D6C2-7EEC-46DF-44239063E3F9" referredColumn="A604F60F-C071-B6A0-FCC7-299E2772F162"/>
</associations>
</Column>
<Column name="SalesPointKey" id="3E7DD2D8-7BE8-DFDF-5772-444715B081AA">
<createdBy>karol</createdBy>
<createdTime>2024-01-16 09:16:35 UTC</createdTime>
<generatorID>8E0A0891-B66F-2793-FA07-7E95EAD5517A</generatorID>
<ownerDesignName>bazka</ownerDesignName>
<nullsAllowed>true</nullsAllowed>
<useDomainConstraints>false</useDomainConstraints>
<use>1</use>
<logicalDatatype>LOGDT011</logicalDatatype>
<ownDataTypeParameters>,,</ownDataTypeParameters>
<previousColumn>false</previousColumn>
<autoIncrementCycle>false</autoIncrementCycle>
<associations>
<colAssociation fkAssociation="A3CCCDA3-4FE8-D44A-9A6F-B23DD91612FA" referredColumn="E8B88091-4BCA-6409-8048-2F22E9F4C38E"/>
</associations>
</Column>
<Column name="EmployeeKey" id="9E3D514C-04E0-5DF7-651A-6F8061E04DFE">
<createdBy>karol</createdBy>
<createdTime>2024-01-16 09:16:35 UTC</createdTime>
<generatorID>91ED964F-E551-E691-3C6B-50764FC6B0AF</generatorID>
<ownerDesignName>bazka</ownerDesignName>
<useDomainConstraints>false</useDomainConstraints>
<use>1</use>
<logicalDatatype>LOGDT027</logicalDatatype>
<ownDataTypeParameters>,,</ownDataTypeParameters>
<previousColumn>false</previousColumn>
<autoIncrementCycle>false</autoIncrementCycle>
<associations>
<colAssociation fkAssociation="6ABB3A9D-14BE-D8FE-60A5-CAE117FDE214" referredColumn="441CC983-5D78-982D-6794-54BA586E2B6F"/>
</associations>
</Column>
</columns>
<indexes itemClass="oracle.dbtools.crest.model.design.relational.Index">
<ind_PK_UK id="C9E2C8A9-F60E-9270-BFD9-F68B9FB324BB" name="Answer_PK">
<createdBy>karol</createdBy>
<createdTime>2024-01-16 09:16:35 UTC</createdTime>
<generatorID>9ED9F7A4-457D-CB3B-3075-35C5888F52B4</generatorID>
<ownerDesignName>bazka</ownerDesignName>
<pk>true</pk>
<indexState>Primary Constraint</indexState>
<isSurrogateKey>false</isSurrogateKey>
<indexColumnUsage>
<colUsage columnID="C7C5FF94-4832-734A-F2A7-2C066D19B0B9"/>
</indexColumnUsage>
</ind_PK_UK>
<ind_PK_UK id="8DF3E8EC-579F-3016-DA1E-49C23C40BCC1" name="Employee_FK">
<createdBy>karol</createdBy>
<createdTime>2024-01-16 09:16:35 UTC</createdTime>
<generatorID>65EEE039-D30D-5C9C-4C44-8004F49C5F96</generatorID>
<ownerDesignName>bazka</ownerDesignName>
<indexState>Foreign Key</indexState>
<isSurrogateKey>false</isSurrogateKey>
<indexColumnUsage>
<colUsage columnID="9E3D514C-04E0-5DF7-651A-6F8061E04DFE"/>
</indexColumnUsage>
</ind_PK_UK>
<ind_PK_UK id="AD3F65D8-29AA-D5B0-E156-BB4703D713DE" name="Question_FK">
<createdBy>karol</createdBy>
<createdTime>2024-01-16 09:16:35 UTC</createdTime>
<generatorID>5AA258BD-62F2-73E4-87F5-A0AB8091A427</generatorID>
<ownerDesignName>bazka</ownerDesignName>
<indexState>Foreign Key</indexState>
<isSurrogateKey>false</isSurrogateKey>
<indexColumnUsage>
<colUsage columnID="671CFECE-39C6-5DFC-A716-FC8EA8961EB8"/>
</indexColumnUsage>
</ind_PK_UK>
<ind_PK_UK id="7079CB66-4889-E35B-A86A-5C03AF724F07" name="SalesPoint_FK">
<createdBy>karol</createdBy>
<createdTime>2024-01-16 09:16:35 UTC</createdTime>
<generatorID>CB6E29C1-8D64-3FDE-417A-0EA7D6E503F1</generatorID>
<ownerDesignName>bazka</ownerDesignName>
<indexState>Foreign Key</indexState>
<isSurrogateKey>false</isSurrogateKey>
<indexColumnUsage>
<colUsage columnID="3E7DD2D8-7BE8-DFDF-5772-444715B081AA"/>
</indexColumnUsage>
</ind_PK_UK>
</indexes>
</Table>