<?xml version = '1.0' encoding = 'UTF-8'?>
<Table class="oracle.dbtools.crest.model.design.relational.Table" directorySegmentName="seg_0" id="D021916A-BDF8-A855-8CD3-624A53A4AA2E" name="Refund">
<createdBy>karol</createdBy>
<createdTime>2024-01-16 09:16:35 UTC</createdTime>
<generatorID>9B09820E-BE69-ED7F-7BEE-B726E690F9BD</generatorID>
<ownerDesignName>bazka</ownerDesignName>
<allowColumnReorder>false</allowColumnReorder>
<existDependencyGenerateInDDl>true</existDependencyGenerateInDDl>
<parsed>true</parsed>
<columns itemClass="oracle.dbtools.crest.model.design.relational.Column">
<Column name="RefundKey" id="06921729-35C2-AACB-E994-08FD5ECED523">
<createdBy>karol</createdBy>
<createdTime>2024-01-16 09:16:35 UTC</createdTime>
<generatorID>FC7E4DC4-C327-6131-CB06-69FBB253B156</generatorID>
<ownerDesignName>bazka</ownerDesignName>
<useDomainConstraints>false</useDomainConstraints>
<use>1</use>
<logicalDatatype>LOGDT011</logicalDatatype>
<ownDataTypeParameters>,,</ownDataTypeParameters>
<autoIncrementCycle>false</autoIncrementCycle>
</Column>
<Column name="RefundOption" id="D11B728A-931B-D644-CCD1-5624A8994F5C">
<createdBy>karol</createdBy>
<createdTime>2024-01-16 09:16:35 UTC</createdTime>
<generatorID>E0DEF03A-298D-815E-E3D6-28AE575E48D4</generatorID>
<ownerDesignName>bazka</ownerDesignName>
<useDomainConstraints>false</useDomainConstraints>
<use>1</use>
<logicalDatatype>LOGDT006</logicalDatatype>
<dataTypeSize>1</dataTypeSize>
<ownDataTypeParameters>1,,</ownDataTypeParameters>
<autoIncrementCycle>false</autoIncrementCycle>
</Column>
<Column name="Title" id="A0062E6E-0D1F-EBE9-74F6-ACFBDBBCC7A3">
<createdBy>karol</createdBy>
<createdTime>2024-01-16 09:16:35 UTC</createdTime>
<generatorID>0FEE6C5F-1827-5CBF-C0B8-BF1A953F6965</generatorID>
<ownerDesignName>bazka</ownerDesignName>
<useDomainConstraints>false</useDomainConstraints>
<use>1</use>
<logicalDatatype>LOGDT024</logicalDatatype>
<dataTypeSize>50 CHAR</dataTypeSize>
<ownDataTypeParameters>50 CHAR,,</ownDataTypeParameters>
<autoIncrementCycle>false</autoIncrementCycle>
</Column>
<Column name="Date" id="CB8C5EFD-5ECE-2DEE-502A-776838900522">
<createdBy>karol</createdBy>
<createdTime>2024-01-16 09:16:35 UTC</createdTime>
<generatorID>C1638451-8827-7E64-F2B6-BFD92F6BC1A8</generatorID>
<ownerDesignName>bazka</ownerDesignName>
<useDomainConstraints>false</useDomainConstraints>
<use>1</use>
<logicalDatatype>LOGDT007</logicalDatatype>
<ownDataTypeParameters>,,</ownDataTypeParameters>
<autoIncrementCycle>false</autoIncrementCycle>
</Column>
</columns>
<indexes itemClass="oracle.dbtools.crest.model.design.relational.Index">
<ind_PK_UK id="380833C5-932F-849D-AEF4-E2216517AB28" name="Refund_PK">
<createdBy>karol</createdBy>
<createdTime>2024-01-16 09:16:35 UTC</createdTime>
<generatorID>59FAEBD3-0CC8-C540-8BE3-45E463762B10</generatorID>
<ownerDesignName>bazka</ownerDesignName>
<pk>true</pk>
<indexState>Primary Constraint</indexState>
<isSurrogateKey>false</isSurrogateKey>
<indexColumnUsage>
<colUsage columnID="06921729-35C2-AACB-E994-08FD5ECED523"/>
</indexColumnUsage>
</ind_PK_UK>
</indexes>
</Table>