<?xml version = '1.0' encoding = 'UTF-8'?>
<Table class="oracle.dbtools.crest.model.design.relational.Table" directorySegmentName="seg_0" id="E65903B0-F504-84E4-1CF6-3411605B15B3" name="PaymentMethod">
<createdBy>karol</createdBy>
<createdTime>2024-01-16 09:16:35 UTC</createdTime>
<generatorID>EDFEB0B6-5796-811E-AECB-7126FBE63775</generatorID>
<ownerDesignName>bazka</ownerDesignName>
<allowColumnReorder>false</allowColumnReorder>
<existDependencyGenerateInDDl>true</existDependencyGenerateInDDl>
<parsed>true</parsed>
<columns itemClass="oracle.dbtools.crest.model.design.relational.Column">
<Column name="PaymentMethodKey" id="1B693BC6-2564-4730-3DE6-57110C6BEC39">
<createdBy>karol</createdBy>
<createdTime>2024-01-16 09:16:35 UTC</createdTime>
<generatorID>E1996F7F-8E12-B071-4921-64EA61835579</generatorID>
<ownerDesignName>bazka</ownerDesignName>
<useDomainConstraints>false</useDomainConstraints>
<use>1</use>
<logicalDatatype>LOGDT018</logicalDatatype>
<ownDataTypeParameters>,,</ownDataTypeParameters>
<autoIncrementCycle>false</autoIncrementCycle>
</Column>
<Column name="Name" id="51A3DFFA-B9C8-9F0B-102F-C0BC582BE7E9">
<createdBy>karol</createdBy>
<createdTime>2024-01-16 09:16:35 UTC</createdTime>
<generatorID>6A7493F3-405F-B31C-1523-9FDA9A31A77A</generatorID>
<ownerDesignName>bazka</ownerDesignName>
<sourceType>Manual</sourceType>
<useDomainConstraints>false</useDomainConstraints>
<use>1</use>
<structuredType>47E390DE-0671-C4B1-8428-0F45CBEE18F8</structuredType>
<logicalDatatype>LOGDT024</logicalDatatype>
<dataTypeSize>50 CHAR</dataTypeSize>
<ownDataTypeParameters>50 CHAR,,</ownDataTypeParameters>
<autoIncrementCycle>false</autoIncrementCycle>
</Column>
</columns>
<indexes itemClass="oracle.dbtools.crest.model.design.relational.Index">
<ind_PK_UK id="B3DB900E-A178-A22A-DB63-2F05D99A4C18" name="PaymentMethod_PK">
<createdBy>karol</createdBy>
<createdTime>2024-01-16 09:16:35 UTC</createdTime>
<generatorID>A34D4993-5DBA-F282-7FD6-B214D28012A2</generatorID>
<ownerDesignName>bazka</ownerDesignName>
<pk>true</pk>
<indexState>Primary Constraint</indexState>
<isSurrogateKey>false</isSurrogateKey>
<indexColumnUsage>
<colUsage columnID="1B693BC6-2564-4730-3DE6-57110C6BEC39"/>
</indexColumnUsage>
</ind_PK_UK>
<ind_PK_UK id="F3CC2A01-F1B1-9397-EE8F-2710E6B95432" name="PaymentMethod_Name_UN">
<createdBy>karol</createdBy>
<createdTime>2024-01-16 09:16:35 UTC</createdTime>
<generatorID>F389E031-64E9-7F7A-DB06-DDAB28454C0B</generatorID>
<ownerDesignName>bazka</ownerDesignName>
<indexState>Unique Constraint</indexState>
<isSurrogateKey>false</isSurrogateKey>
<indexColumnUsage>
<colUsage columnID="51A3DFFA-B9C8-9F0B-102F-C0BC582BE7E9"/>
</indexColumnUsage>
</ind_PK_UK>
</indexes>
</Table>