<?xml version = '1.0' encoding = 'UTF-8'?>
<Table class="oracle.dbtools.crest.model.design.relational.Table" directorySegmentName="seg_0" id="F0E5A5BC-9EF3-2AE0-831B-0BDA3235EFAE" name="DeliveryMethod">
<createdBy>karol</createdBy>
<createdTime>2024-01-16 09:16:35 UTC</createdTime>
<generatorID>5E004B45-94EC-1689-6AA0-B09100EE5260</generatorID>
<ownerDesignName>bazka</ownerDesignName>
<allowColumnReorder>false</allowColumnReorder>
<existDependencyGenerateInDDl>true</existDependencyGenerateInDDl>
<parsed>true</parsed>
<columns itemClass="oracle.dbtools.crest.model.design.relational.Column">
<Column name="DeliveryMethodKey" id="D2FC5900-FC17-6C7D-53FB-E0C47324AB95">
<createdBy>karol</createdBy>
<createdTime>2024-01-16 09:16:35 UTC</createdTime>
<generatorID>7274A263-0597-A32D-5A24-7925F8317267</generatorID>
<ownerDesignName>bazka</ownerDesignName>
<useDomainConstraints>false</useDomainConstraints>
<use>1</use>
<logicalDatatype>LOGDT018</logicalDatatype>
<ownDataTypeParameters>,,</ownDataTypeParameters>
<autoIncrementCycle>false</autoIncrementCycle>
</Column>
<Column name="Name" id="9449FAA9-F87E-0331-8336-03214598C4A4">
<createdBy>karol</createdBy>
<createdTime>2024-01-16 09:16:35 UTC</createdTime>
<generatorID>C73EF503-1307-AAF4-8459-325BABD852BC</generatorID>
<ownerDesignName>bazka</ownerDesignName>
<useDomainConstraints>false</useDomainConstraints>
<use>1</use>
<logicalDatatype>LOGDT024</logicalDatatype>
<dataTypeSize>50 CHAR</dataTypeSize>
<ownDataTypeParameters>50 CHAR,,</ownDataTypeParameters>
<autoIncrementCycle>false</autoIncrementCycle>
</Column>
</columns>
<indexes itemClass="oracle.dbtools.crest.model.design.relational.Index">
<ind_PK_UK id="3F00B806-FA6B-71F1-C5AF-8AC212397DAA" name="DeliveryMethod_PK">
<createdBy>karol</createdBy>
<createdTime>2024-01-16 09:16:35 UTC</createdTime>
<generatorID>03694551-AB2C-AD22-E876-25D69962F50D</generatorID>
<ownerDesignName>bazka</ownerDesignName>
<pk>true</pk>
<indexState>Primary Constraint</indexState>
<isSurrogateKey>false</isSurrogateKey>
<indexColumnUsage>
<colUsage columnID="D2FC5900-FC17-6C7D-53FB-E0C47324AB95"/>
</indexColumnUsage>
</ind_PK_UK>
<ind_PK_UK id="AC1B8322-6DEA-8372-0222-B72EC242328D" name="DeliveryMethod_Name_UN">
<createdBy>karol</createdBy>
<createdTime>2024-01-16 09:16:35 UTC</createdTime>
<generatorID>DA353B73-2967-BB49-AB3F-351D5DA78705</generatorID>
<ownerDesignName>bazka</ownerDesignName>
<indexState>Unique Constraint</indexState>
<isSurrogateKey>false</isSurrogateKey>
<indexColumnUsage>
<colUsage columnID="9449FAA9-F87E-0331-8336-03214598C4A4"/>
</indexColumnUsage>
</ind_PK_UK>
</indexes>
</Table>