<?xml version = '1.0' encoding = 'UTF-8'?>
<Entity class="oracle.dbtools.crest.model.design.logical.Entity" directorySegmentName="seg_0" id="9B09820E-BE69-ED7F-7BEE-B726E690F9BD" name="Refund">
<createdBy>student</createdBy>
<createdTime>2023-10-17 08:25:10 UTC</createdTime>
<ownerDesignName>bazka</ownerDesignName>
<engineerTo>
<item key="3275A62E-2A39-891F-D0EB-03CC6A837B93" value="true"/>
</engineerTo>
<adequatelyNormalized>NO</adequatelyNormalized>
<expectedVolumes>0</expectedVolumes>
<fwdEngineeringStrategyName>Single Table</fwdEngineeringStrategyName>
<growthPercent>0</growthPercent>
<growthType>Year</growthType>
<maxVolumes>9999999</maxVolumes>
<minVolumes>0</minVolumes>
<normalForm>Third</normalForm>
<attributes itemClass="oracle.dbtools.crest.model.design.logical.Attribute">
<Attribute name="RefundKey" id="FC7E4DC4-C327-6131-CB06-69FBB253B156">
<createdBy>VladiMr</createdBy>
<createdTime>2023-10-19 18:00:26 UTC</createdTime>
<ownerDesignName>bazka</ownerDesignName>
<engineerTo>
<item key="3275A62E-2A39-891F-D0EB-03CC6A837B93" value="true"/>
</engineerTo>
<useDomainConstraints>false</useDomainConstraints>
<use>1</use>
<logicalDatatype>LOGDT011</logicalDatatype>
<ownDataTypeParameters>,,</ownDataTypeParameters>
</Attribute>
<Attribute name="RefundOption" id="E0DEF03A-298D-815E-E3D6-28AE575E48D4">
<createdBy>student</createdBy>
<createdTime>2023-10-24 08:24:01 UTC</createdTime>
<ownerDesignName>bazka</ownerDesignName>
<engineerTo>
<item key="3275A62E-2A39-891F-D0EB-03CC6A837B93" value="true"/>
</engineerTo>
<useDomainConstraints>false</useDomainConstraints>
<use>1</use>
<logicalDatatype>LOGDT006</logicalDatatype>
<dataTypeSize>1</dataTypeSize>
<ownDataTypeParameters>1,,</ownDataTypeParameters>
</Attribute>
<Attribute name="Title" id="0FEE6C5F-1827-5CBF-C0B8-BF1A953F6965">
<createdBy>karol</createdBy>
<createdTime>2023-10-23 21:32:59 UTC</createdTime>
<ownerDesignName>bazka</ownerDesignName>
<engineerTo>
<item key="3275A62E-2A39-891F-D0EB-03CC6A837B93" value="true"/>
</engineerTo>
<useDomainConstraints>false</useDomainConstraints>
<use>1</use>
<logicalDatatype>LOGDT024</logicalDatatype>
<dataTypeSize>50 CHAR</dataTypeSize>
<ownDataTypeParameters>50 CHAR,,</ownDataTypeParameters>
</Attribute>
<Attribute name="Date" id="C1638451-8827-7E64-F2B6-BFD92F6BC1A8">
<createdBy>student</createdBy>
<createdTime>2023-10-24 08:28:01 UTC</createdTime>
<ownerDesignName>bazka</ownerDesignName>
<engineerTo>
<item key="3275A62E-2A39-891F-D0EB-03CC6A837B93" value="true"/>
</engineerTo>
<useDomainConstraints>false</useDomainConstraints>
<use>1</use>
<logicalDatatype>LOGDT007</logicalDatatype>
<ownDataTypeParameters>,,</ownDataTypeParameters>
</Attribute>
<Attribute name="OrderDetailKey" id="E48709C1-1B27-C499-6DFF-226564AB5C06">
<createdBy>karol</createdBy>
<createdTime>2024-01-09 23:11:56 UTC</createdTime>
<generatorID>B3542F0F-1506-B348-21C4-664D1A0FF706</generatorID>
<ownerDesignName>bazka</ownerDesignName>
<engineerTo>
<item key="3275A62E-2A39-891F-D0EB-03CC6A837B93" value="true"/>
</engineerTo>
<nullsAllowed>true</nullsAllowed>
<referedAttribute>D1055F6C-9CD6-D75D-73A6-2F8B912CB821</referedAttribute>
<useDomainConstraints>false</useDomainConstraints>
<use>1</use>
<logicalDatatype>LOGDT027</logicalDatatype>
<ownDataTypeParameters>,,</ownDataTypeParameters>
</Attribute>
<Attribute name="OrderKey" id="0E178592-08A5-14D7-A4EF-DD71C93ED802">
<createdBy>karol</createdBy>
<createdTime>2024-01-09 23:11:56 UTC</createdTime>
<generatorID>B3542F0F-1506-B348-21C4-664D1A0FF706</generatorID>
<ownerDesignName>bazka</ownerDesignName>
<engineerTo>
<item key="3275A62E-2A39-891F-D0EB-03CC6A837B93" value="true"/>
</engineerTo>
<nullsAllowed>true</nullsAllowed>
<referedAttribute>681C235A-A20F-5C16-0AF9-DF53B5BE39B0</referedAttribute>
<useDomainConstraints>false</useDomainConstraints>
<use>1</use>
<logicalDatatype>LOGDT027</logicalDatatype>
<ownDataTypeParameters>,,</ownDataTypeParameters>
</Attribute>
</attributes>
<identifiers itemClass="oracle.dbtools.crest.model.design.logical.CandidateKey">
<identifier id="59FAEBD3-0CC8-C540-8BE3-45E463762B10" name="Refund PK">
<createdBy>VladiMr</createdBy>
<createdTime>2023-10-19 18:00:33 UTC</createdTime>
<ownerDesignName>bazka</ownerDesignName>
<engineerTo>
<item key="3275A62E-2A39-891F-D0EB-03CC6A837B93" value="true"/>
</engineerTo>
<pk>true</pk>
<usedAttributes>
<attributeRef>FC7E4DC4-C327-6131-CB06-69FBB253B156</attributeRef>
</usedAttributes>
</identifier>
</identifiers>
</Entity>