<?xml version = '1.0' encoding = 'UTF-8'?>
<Entity class="oracle.dbtools.crest.model.design.logical.Entity" directorySegmentName="seg_0" id="CF3EFB76-9654-527C-C4E7-4A3362DFD298" name="OrderDetail">
<createdBy>student</createdBy>
<createdTime>2023-10-17 07:59:47 UTC</createdTime>
<ownerDesignName>bazka</ownerDesignName>
<engineerTo>
<item key="3275A62E-2A39-891F-D0EB-03CC6A837B93" value="true"/>
</engineerTo>
<adequatelyNormalized>NO</adequatelyNormalized>
<expectedVolumes>0</expectedVolumes>
<fwdEngineeringStrategyName>Single Table</fwdEngineeringStrategyName>
<growthPercent>0</growthPercent>
<growthType>Year</growthType>
<maxVolumes>9999999</maxVolumes>
<minVolumes>0</minVolumes>
<normalForm>Third</normalForm>
<attributes itemClass="oracle.dbtools.crest.model.design.logical.Attribute">
<Attribute name="OrderDetailKey" id="D1055F6C-9CD6-D75D-73A6-2F8B912CB821">
<createdBy>VladiMr</createdBy>
<createdTime>2023-10-29 18:57:45 UTC</createdTime>
<ownerDesignName>bazka</ownerDesignName>
<engineerTo>
<item key="3275A62E-2A39-891F-D0EB-03CC6A837B93" value="true"/>
</engineerTo>
<useDomainConstraints>false</useDomainConstraints>
<use>1</use>
<logicalDatatype>LOGDT027</logicalDatatype>
<ownDataTypeParameters>,,</ownDataTypeParameters>
</Attribute>
<Attribute name="Quantity" id="DAD8CA19-E881-38DA-A6AC-471282199C3A">
<createdBy>VladiMr</createdBy>
<createdTime>2023-10-19 17:52:43 UTC</createdTime>
<ownerDesignName>bazka</ownerDesignName>
<engineerTo>
<item key="3275A62E-2A39-891F-D0EB-03CC6A837B93" value="true"/>
</engineerTo>
<useDomainConstraints>false</useDomainConstraints>
<use>1</use>
<logicalDatatype>LOGDT019</logicalDatatype>
<dataTypePrecision>3</dataTypePrecision>
<ownDataTypeParameters>,3,</ownDataTypeParameters>
</Attribute>
<Attribute name="CatalogPrice" id="89AB82DE-D5CA-A496-395E-FE63771EF9FE">
<createdBy>VladiMr</createdBy>
<createdTime>2023-10-19 17:52:54 UTC</createdTime>
<ownerDesignName>bazka</ownerDesignName>
<engineerTo>
<item key="3275A62E-2A39-891F-D0EB-03CC6A837B93" value="true"/>
</engineerTo>
<useDomainConstraints>false</useDomainConstraints>
<use>1</use>
<logicalDatatype>LOGDT026</logicalDatatype>
<dataTypePrecision>10</dataTypePrecision>
<dataTypeScale>2</dataTypeScale>
<ownDataTypeParameters>,10,2</ownDataTypeParameters>
</Attribute>
<Attribute name="DiscountAmount" id="119B58B9-4980-8215-B5CA-AF937DBDFC34">
<createdBy>VladiMr</createdBy>
<createdTime>2023-10-19 17:53:05 UTC</createdTime>
<ownerDesignName>bazka</ownerDesignName>
<engineerTo>
<item key="3275A62E-2A39-891F-D0EB-03CC6A837B93" value="true"/>
</engineerTo>
<nullsAllowed>true</nullsAllowed>
<useDomainConstraints>false</useDomainConstraints>
<use>1</use>
<logicalDatatype>LOGDT026</logicalDatatype>
<dataTypePrecision>10</dataTypePrecision>
<dataTypeScale>2</dataTypeScale>
<ownDataTypeParameters>,10,2</ownDataTypeParameters>
</Attribute>
<Attribute name="DiscountPercentage" id="6833FB6C-E472-A491-453C-5733B99006DD">
<createdBy>VladiMr</createdBy>
<createdTime>2023-10-19 17:53:17 UTC</createdTime>
<ownerDesignName>bazka</ownerDesignName>
<engineerTo>
<item key="3275A62E-2A39-891F-D0EB-03CC6A837B93" value="true"/>
</engineerTo>
<nullsAllowed>true</nullsAllowed>
<useDomainConstraints>false</useDomainConstraints>
<use>1</use>
<logicalDatatype>LOGDT026</logicalDatatype>
<dataTypePrecision>2</dataTypePrecision>
<dataTypeScale>2</dataTypeScale>
<ownDataTypeParameters>,2,2</ownDataTypeParameters>
</Attribute>
<Attribute name="TransactionPrice" id="87F1DC0E-9B74-7DA9-8C60-3159FEFD84DF">
<createdBy>VladiMr</createdBy>
<createdTime>2023-10-19 17:53:28 UTC</createdTime>
<ownerDesignName>bazka</ownerDesignName>
<engineerTo>
<item key="3275A62E-2A39-891F-D0EB-03CC6A837B93" value="true"/>
</engineerTo>
<useDomainConstraints>false</useDomainConstraints>
<use>1</use>
<logicalDatatype>LOGDT026</logicalDatatype>
<dataTypePrecision>10</dataTypePrecision>
<dataTypeScale>2</dataTypeScale>
<ownDataTypeParameters>,10,2</ownDataTypeParameters>
</Attribute>
<Attribute name="RefundKey" id="5DAAB3D7-4EFC-EC1A-66C8-B5DE62F34298">
<createdBy>student</createdBy>
<createdTime>2023-10-24 08:23:10 UTC</createdTime>
<generatorID>B3542F0F-1506-B348-21C4-664D1A0FF706</generatorID>
<ownerDesignName>bazka</ownerDesignName>
<engineerTo>
<item key="3275A62E-2A39-891F-D0EB-03CC6A837B93" value="true"/>
</engineerTo>
<nullsAllowed>true</nullsAllowed>
<referedAttribute>FC7E4DC4-C327-6131-CB06-69FBB253B156</referedAttribute>
<useDomainConstraints>false</useDomainConstraints>
<use>1</use>
<logicalDatatype>LOGDT011</logicalDatatype>
<ownDataTypeParameters>,,</ownDataTypeParameters>
</Attribute>
<Attribute name="OrderKey" id="681C235A-A20F-5C16-0AF9-DF53B5BE39B0">
<createdBy>karol</createdBy>
<createdTime>2024-01-09 22:21:32 UTC</createdTime>
<generatorID>71AADB6C-152A-9201-60A2-4BCA266D97CE</generatorID>
<ownerDesignName>bazka</ownerDesignName>
<engineerTo>
<item key="3275A62E-2A39-891F-D0EB-03CC6A837B93" value="true"/>
</engineerTo>
<referedAttribute>C24D81FE-E88F-B678-E4BC-49C23DA88154</referedAttribute>
<useDomainConstraints>false</useDomainConstraints>
<use>1</use>
<logicalDatatype>LOGDT027</logicalDatatype>
<ownDataTypeParameters>,,</ownDataTypeParameters>
</Attribute>
</attributes>
<identifiers itemClass="oracle.dbtools.crest.model.design.logical.CandidateKey">
<identifier id="CB73158F-8109-FCCF-29DA-80BDDD08E1B0" name="OrderDetail PK">
<createdBy>VladiMr</createdBy>
<createdTime>2023-10-29 18:58:03 UTC</createdTime>
<ownerDesignName>bazka</ownerDesignName>
<engineerTo>
<item key="3275A62E-2A39-891F-D0EB-03CC6A837B93" value="true"/>
</engineerTo>
<pk>true</pk>
<newElementsIDs>D1055F6C-9CD6-D75D-73A6-2F8B912CB821,71AADB6C-152A-9201-60A2-4BCA266D97CE</newElementsIDs>
<usedAttributes>
<attributeRef>D1055F6C-9CD6-D75D-73A6-2F8B912CB821</attributeRef>
<attributeRef>681C235A-A20F-5C16-0AF9-DF53B5BE39B0</attributeRef>
</usedAttributes>
</identifier>
</identifiers>
</Entity>