<?xml version = '1.0' encoding = 'UTF-8'?>
<Entity class="oracle.dbtools.crest.model.design.logical.Entity" directorySegmentName="seg_0" id="E111989F-6817-F535-2E96-D1D17D56AFA7" name="ProductCategory">
<createdBy>student</createdBy>
<createdTime>2023-10-17 08:08:35 UTC</createdTime>
<ownerDesignName>bazka</ownerDesignName>
<engineerTo>
<item key="3275A62E-2A39-891F-D0EB-03CC6A837B93" value="true"/>
</engineerTo>
<adequatelyNormalized>NO</adequatelyNormalized>
<expectedVolumes>0</expectedVolumes>
<fwdEngineeringStrategyName>Single Table</fwdEngineeringStrategyName>
<growthPercent>0</growthPercent>
<growthType>Year</growthType>
<maxVolumes>9999999</maxVolumes>
<minVolumes>0</minVolumes>
<normalForm>Third</normalForm>
<attributes itemClass="oracle.dbtools.crest.model.design.logical.Attribute">
<Attribute name="ProductCategoryKey" id="9938A2CE-156B-0E11-D05F-B3737893FA79">
<createdBy>VladiMr</createdBy>
<createdTime>2023-10-19 17:58:45 UTC</createdTime>
<ownerDesignName>bazka</ownerDesignName>
<engineerTo>
<item key="3275A62E-2A39-891F-D0EB-03CC6A837B93" value="true"/>
</engineerTo>
<useDomainConstraints>false</useDomainConstraints>
<use>1</use>
<logicalDatatype>LOGDT018</logicalDatatype>
<ownDataTypeParameters>,,</ownDataTypeParameters>
</Attribute>
<Attribute name="Name" id="B933D3B2-DAD1-3700-D466-7CBE45266A5E">
<createdBy>VladiMr</createdBy>
<createdTime>2023-10-19 17:58:55 UTC</createdTime>
<ownerDesignName>bazka</ownerDesignName>
<engineerTo>
<item key="3275A62E-2A39-891F-D0EB-03CC6A837B93" value="true"/>
</engineerTo>
<useDomainConstraints>false</useDomainConstraints>
<use>1</use>
<logicalDatatype>LOGDT024</logicalDatatype>
<dataTypeSize>50 CHAR</dataTypeSize>
<ownDataTypeParameters>50 CHAR,,</ownDataTypeParameters>
</Attribute>
</attributes>
<identifiers itemClass="oracle.dbtools.crest.model.design.logical.CandidateKey">
<identifier id="275EDA01-661F-C976-52BA-2F962DB0BEFF" name="ProductCategory PK">
<createdBy>VladiMr</createdBy>
<createdTime>2023-10-19 17:58:54 UTC</createdTime>
<ownerDesignName>bazka</ownerDesignName>
<engineerTo>
<item key="3275A62E-2A39-891F-D0EB-03CC6A837B93" value="true"/>
</engineerTo>
<pk>true</pk>
<newElementsIDs>9938A2CE-156B-0E11-D05F-B3737893FA79</newElementsIDs>
<usedAttributes>
<attributeRef>9938A2CE-156B-0E11-D05F-B3737893FA79</attributeRef>
</usedAttributes>
</identifier>
<identifier id="9DA2C012-3E42-6197-EE7E-5B0571932440" name="ProductCategory_Name_UN">
<createdBy>karol</createdBy>
<createdTime>2023-10-23 22:01:56 UTC</createdTime>
<ownerDesignName>bazka</ownerDesignName>
<engineerTo>
<item key="3275A62E-2A39-891F-D0EB-03CC6A837B93" value="true"/>
</engineerTo>
<newElementsIDs>B933D3B2-DAD1-3700-D466-7CBE45266A5E</newElementsIDs>
<usedAttributes>
<attributeRef>B933D3B2-DAD1-3700-D466-7CBE45266A5E</attributeRef>
</usedAttributes>
</identifier>
</identifiers>
</Entity>