<?xml version = '1.0' encoding = 'UTF-8'?>
<Table class="oracle.dbtools.crest.model.design.relational.Table" directorySegmentName="seg_0" id="17CB3B62-05AB-F143-3C89-AACC509C814B" name="OrderDetail">
<createdBy>karol</createdBy>
<createdTime>2024-01-16 09:16:35 UTC</createdTime>
<generatorID>CF3EFB76-9654-527C-C4E7-4A3362DFD298</generatorID>
<ownerDesignName>bazadanychwpracy</ownerDesignName>
<allowColumnReorder>false</allowColumnReorder>
<existDependencyGenerateInDDl>true</existDependencyGenerateInDDl>
<parsed>true</parsed>
<columns itemClass="oracle.dbtools.crest.model.design.relational.Column">
<Column name="OrderDetailKey" id="440E7627-4552-6556-8F25-16E6EE916E55">
<createdBy>karol</createdBy>
<createdTime>2024-01-16 09:16:35 UTC</createdTime>
<generatorID>D1055F6C-9CD6-D75D-73A6-2F8B912CB821</generatorID>
<ownerDesignName>bazadanychwpracy</ownerDesignName>
<useDomainConstraints>false</useDomainConstraints>
<use>1</use>
<logicalDatatype>LOGDT027</logicalDatatype>
<ownDataTypeParameters>,,</ownDataTypeParameters>
<autoIncrementCycle>false</autoIncrementCycle>
</Column>
<Column name="Quantity" id="E3BEB42E-FD78-8A8E-07C9-E2C5661A867F">
<createdBy>karol</createdBy>
<createdTime>2024-01-16 09:16:35 UTC</createdTime>
<generatorID>DAD8CA19-E881-38DA-A6AC-471282199C3A</generatorID>
<ownerDesignName>bazadanychwpracy</ownerDesignName>
<useDomainConstraints>false</useDomainConstraints>
<use>1</use>
<logicalDatatype>LOGDT019</logicalDatatype>
<dataTypePrecision>3</dataTypePrecision>
<ownDataTypeParameters>,3,</ownDataTypeParameters>
<autoIncrementCycle>false</autoIncrementCycle>
</Column>
<Column name="CatalogPrice" id="EDB8A64C-675D-19E0-65C5-8C0A3CDD3899">
<createdBy>karol</createdBy>
<createdTime>2024-01-16 09:16:35 UTC</createdTime>
<generatorID>89AB82DE-D5CA-A496-395E-FE63771EF9FE</generatorID>
<ownerDesignName>bazadanychwpracy</ownerDesignName>
<useDomainConstraints>false</useDomainConstraints>
<use>1</use>
<logicalDatatype>LOGDT026</logicalDatatype>
<dataTypePrecision>10</dataTypePrecision>
<dataTypeScale>2</dataTypeScale>
<ownDataTypeParameters>,10,2</ownDataTypeParameters>
<autoIncrementCycle>false</autoIncrementCycle>
</Column>
<Column name="DiscountAmount" id="B867F99B-3C47-4A35-92B7-365630954E4C">
<createdBy>karol</createdBy>
<createdTime>2024-01-16 09:16:35 UTC</createdTime>
<generatorID>119B58B9-4980-8215-B5CA-AF937DBDFC34</generatorID>
<ownerDesignName>bazadanychwpracy</ownerDesignName>
<nullsAllowed>true</nullsAllowed>
<useDomainConstraints>false</useDomainConstraints>
<use>1</use>
<logicalDatatype>LOGDT026</logicalDatatype>
<dataTypePrecision>10</dataTypePrecision>
<dataTypeScale>2</dataTypeScale>
<ownDataTypeParameters>,10,2</ownDataTypeParameters>
<autoIncrementCycle>false</autoIncrementCycle>
</Column>
<Column name="DiscountPercentage" id="5EC34E0F-7378-BE78-71AE-6050F7C8F62F">
<createdBy>karol</createdBy>
<createdTime>2024-01-16 09:16:35 UTC</createdTime>
<generatorID>6833FB6C-E472-A491-453C-5733B99006DD</generatorID>
<ownerDesignName>bazadanychwpracy</ownerDesignName>
<nullsAllowed>true</nullsAllowed>
<useDomainConstraints>false</useDomainConstraints>
<use>1</use>
<logicalDatatype>LOGDT026</logicalDatatype>
<dataTypePrecision>2</dataTypePrecision>
<dataTypeScale>2</dataTypeScale>
<ownDataTypeParameters>,2,2</ownDataTypeParameters>
<autoIncrementCycle>false</autoIncrementCycle>
</Column>
<Column name="TransactionPrice" id="56B88C73-6532-28EC-02FF-49B6E9EFBFAC">
<createdBy>karol</createdBy>
<createdTime>2024-01-16 09:16:35 UTC</createdTime>
<generatorID>87F1DC0E-9B74-7DA9-8C60-3159FEFD84DF</generatorID>
<ownerDesignName>bazadanychwpracy</ownerDesignName>
<useDomainConstraints>false</useDomainConstraints>
<use>1</use>
<logicalDatatype>LOGDT026</logicalDatatype>
<dataTypePrecision>10</dataTypePrecision>
<dataTypeScale>2</dataTypeScale>
<ownDataTypeParameters>,10,2</ownDataTypeParameters>
<autoIncrementCycle>false</autoIncrementCycle>
</Column>
<Column name="Refund_RefundKey" id="AC0878B9-EEF7-DCF9-FDA4-08D3F606C5B3">
<createdBy>karol</createdBy>
<createdTime>2024-01-16 09:16:35 UTC</createdTime>
<generatorID>5DAAB3D7-4EFC-EC1A-66C8-B5DE62F34298</generatorID>
<ownerDesignName>bazadanychwpracy</ownerDesignName>
<nullsAllowed>true</nullsAllowed>
<useDomainConstraints>false</useDomainConstraints>
<use>1</use>
<logicalDatatype>LOGDT011</logicalDatatype>
<ownDataTypeParameters>,,</ownDataTypeParameters>
<previousColumn>false</previousColumn>
<autoIncrementCycle>false</autoIncrementCycle>
<associations>
<colAssociation fkAssociation="58D1829E-5AEB-D3B6-70D2-643284DC05AD" referredColumn="06921729-35C2-AACB-E994-08FD5ECED523"/>
</associations>
</Column>
<Column name="OrderHeader_OrderKey" id="BCF1E8A1-FB68-4AA0-4CB2-09BB4FDCB692">
<createdBy>karol</createdBy>
<createdTime>2024-01-16 09:16:35 UTC</createdTime>
<generatorID>681C235A-A20F-5C16-0AF9-DF53B5BE39B0</generatorID>
<ownerDesignName>bazadanychwpracy</ownerDesignName>
<useDomainConstraints>false</useDomainConstraints>
<use>1</use>
<logicalDatatype>LOGDT027</logicalDatatype>
<ownDataTypeParameters>,,</ownDataTypeParameters>
<previousColumn>false</previousColumn>
<autoIncrementCycle>false</autoIncrementCycle>
<associations>
<colAssociation fkAssociation="36169B59-5449-841B-F1A4-0BE8B0CFCF33" referredColumn="49DB78EC-8212-AA15-3F01-5A1FDEA2DEEF"/>
</associations>
</Column>
</columns>
<indexes itemClass="oracle.dbtools.crest.model.design.relational.Index">
<ind_PK_UK id="DDDCF2A2-7F7F-EA01-E89E-0C7D190A2CEA" name="OrderDetail_PK">
<createdBy>karol</createdBy>
<createdTime>2024-01-16 09:16:35 UTC</createdTime>
<generatorID>CB73158F-8109-FCCF-29DA-80BDDD08E1B0</generatorID>
<ownerDesignName>bazadanychwpracy</ownerDesignName>
<pk>true</pk>
<indexState>Primary Constraint</indexState>
<isSurrogateKey>false</isSurrogateKey>
<indexColumnUsage>
<colUsage columnID="440E7627-4552-6556-8F25-16E6EE916E55"/>
<colUsage columnID="BCF1E8A1-FB68-4AA0-4CB2-09BB4FDCB692"/>
</indexColumnUsage>
</ind_PK_UK>
<ind_PK_UK id="0E95ECF7-B34F-A58A-C469-22178A8A23AD" name="OrderDetail__IDX">
<createdBy>karol</createdBy>
<createdTime>2024-01-16 09:16:35 UTC</createdTime>
<ownerDesignName>bazadanychwpracy</ownerDesignName>
<indexState>Unique Plain Index</indexState>
<isSurrogateKey>false</isSurrogateKey>
<relationGeneratorID>B3542F0F-1506-B348-21C4-664D1A0FF706</relationGeneratorID>
<indexColumnUsage>
<colUsage columnID="AC0878B9-EEF7-DCF9-FDA4-08D3F606C5B3"/>
</indexColumnUsage>
</ind_PK_UK>
<ind_PK_UK id="79438A4D-FED3-3383-18E9-CE1AD04C0379" name="OrderDetail_OrderHeader_FK">
<createdBy>karol</createdBy>
<createdTime>2024-01-16 09:16:35 UTC</createdTime>
<generatorID>71AADB6C-152A-9201-60A2-4BCA266D97CE</generatorID>
<ownerDesignName>bazadanychwpracy</ownerDesignName>
<indexState>Foreign Key</indexState>
<isSurrogateKey>false</isSurrogateKey>
<indexColumnUsage>
<colUsage columnID="BCF1E8A1-FB68-4AA0-4CB2-09BB4FDCB692"/>
</indexColumnUsage>
</ind_PK_UK>
<ind_PK_UK id="50600E60-601B-F4DF-03D8-40F2FA3860C5" name="OrderDetail_Refund_FK">
<createdBy>karol</createdBy>
<createdTime>2024-01-16 09:16:35 UTC</createdTime>
<generatorID>B3542F0F-1506-B348-21C4-664D1A0FF706</generatorID>
<ownerDesignName>bazadanychwpracy</ownerDesignName>
<indexState>Foreign Key</indexState>
<isSurrogateKey>false</isSurrogateKey>
<indexColumnUsage>
<colUsage columnID="AC0878B9-EEF7-DCF9-FDA4-08D3F606C5B3"/>
</indexColumnUsage>
</ind_PK_UK>
</indexes>
</Table>