<?xml version = '1.0' encoding = 'UTF-8'?>
<Table class="oracle.dbtools.crest.model.design.relational.Table" directorySegmentName="seg_0" id="43E2CF13-4E82-A430-CECB-3F5C66D325F8" name="SaleReport">
<createdBy>karol</createdBy>
<createdTime>2024-01-16 09:16:35 UTC</createdTime>
<generatorID>546CF247-3153-1E18-2CC0-5E0241C05B3C</generatorID>
<ownerDesignName>bazadanychwpracy</ownerDesignName>
<allowColumnReorder>false</allowColumnReorder>
<existDependencyGenerateInDDl>true</existDependencyGenerateInDDl>
<parsed>true</parsed>
<columns itemClass="oracle.dbtools.crest.model.design.relational.Column">
<Column name="SaleReportKey" id="903699FB-08CE-6B5A-7A3F-7237CFD3DB2C">
<createdBy>karol</createdBy>
<createdTime>2024-01-16 09:16:35 UTC</createdTime>
<generatorID>29D7D732-A967-9765-33FB-83EA3BA0248E</generatorID>
<ownerDesignName>bazadanychwpracy</ownerDesignName>
<useDomainConstraints>false</useDomainConstraints>
<use>1</use>
<logicalDatatype>LOGDT027</logicalDatatype>
<ownDataTypeParameters>,,</ownDataTypeParameters>
<autoIncrementCycle>false</autoIncrementCycle>
</Column>
<Column name="Title" id="94D9304A-CBFE-9B24-908C-0420CA7D7248">
<createdBy>karol</createdBy>
<createdTime>2024-01-16 09:16:35 UTC</createdTime>
<generatorID>4BBF0FCB-7868-01D8-B6A8-85FF63DCA06B</generatorID>
<ownerDesignName>bazadanychwpracy</ownerDesignName>
<useDomainConstraints>false</useDomainConstraints>
<use>1</use>
<logicalDatatype>LOGDT024</logicalDatatype>
<dataTypeSize>50</dataTypeSize>
<ownDataTypeParameters>50,,</ownDataTypeParameters>
<autoIncrementCycle>false</autoIncrementCycle>
</Column>
<Column name="Date" id="6890E2FC-53BC-1B90-4E76-44FA55A8A64A">
<createdBy>karol</createdBy>
<createdTime>2024-01-16 09:16:35 UTC</createdTime>
<generatorID>80EABB90-E560-439E-5CFA-CE76B936EECD</generatorID>
<ownerDesignName>bazadanychwpracy</ownerDesignName>
<useDomainConstraints>false</useDomainConstraints>
<use>1</use>
<logicalDatatype>LOGDT007</logicalDatatype>
<ownDataTypeParameters>,,</ownDataTypeParameters>
<autoIncrementCycle>false</autoIncrementCycle>
</Column>
<Column name="SalesPoint_SalesPointKey" id="A9325BBB-E6C2-4833-ED29-98F92439CC74">
<createdBy>karol</createdBy>
<createdTime>2024-01-16 09:16:35 UTC</createdTime>
<generatorID>7E2A9CA2-114A-4F1A-C704-2F557EE1735D</generatorID>
<ownerDesignName>bazadanychwpracy</ownerDesignName>
<useDomainConstraints>false</useDomainConstraints>
<use>1</use>
<logicalDatatype>LOGDT011</logicalDatatype>
<ownDataTypeParameters>,,</ownDataTypeParameters>
<previousColumn>false</previousColumn>
<autoIncrementCycle>false</autoIncrementCycle>
<associations>
<colAssociation fkAssociation="693DEED4-5E45-1A9E-4D98-86C27528A7A4" referredColumn="E8B88091-4BCA-6409-8048-2F22E9F4C38E"/>
</associations>
</Column>
</columns>
<indexes itemClass="oracle.dbtools.crest.model.design.relational.Index">
<ind_PK_UK id="A516578D-D865-2325-C961-2936A120EC12" name="SaleReport_PK">
<createdBy>karol</createdBy>
<createdTime>2024-01-16 09:16:35 UTC</createdTime>
<generatorID>74B2EF37-C002-1CCE-C51F-38CDEC88FE49</generatorID>
<ownerDesignName>bazadanychwpracy</ownerDesignName>
<pk>true</pk>
<indexState>Primary Constraint</indexState>
<isSurrogateKey>false</isSurrogateKey>
<indexColumnUsage>
<colUsage columnID="903699FB-08CE-6B5A-7A3F-7237CFD3DB2C"/>
</indexColumnUsage>
</ind_PK_UK>
<ind_PK_UK id="B1EE6447-31A7-B94F-AD28-C33173B50F9D" name="SaleReport_SalesPoint_FK">
<createdBy>karol</createdBy>
<createdTime>2024-01-16 09:16:35 UTC</createdTime>
<generatorID>BE0D5AFE-18B4-4BAC-68B0-DADB45BA213D</generatorID>
<ownerDesignName>bazadanychwpracy</ownerDesignName>
<indexState>Foreign Key</indexState>
<isSurrogateKey>false</isSurrogateKey>
<indexColumnUsage>
<colUsage columnID="A9325BBB-E6C2-4833-ED29-98F92439CC74"/>
</indexColumnUsage>
</ind_PK_UK>
</indexes>
</Table>