<?xml version = '1.0' encoding = 'UTF-8'?>
<Table class="oracle.dbtools.crest.model.design.relational.Table" directorySegmentName="seg_0" id="520A7B57-B65B-398A-E3F1-770C9A980376" name="Product">
<createdBy>karol</createdBy>
<createdTime>2024-01-16 09:16:35 UTC</createdTime>
<generatorID>DFC9FCB9-BB16-5962-5A40-8765354D1A0D</generatorID>
<ownerDesignName>bazadanychwpracy</ownerDesignName>
<allowColumnReorder>false</allowColumnReorder>
<existDependencyGenerateInDDl>true</existDependencyGenerateInDDl>
<parsed>true</parsed>
<columns itemClass="oracle.dbtools.crest.model.design.relational.Column">
<Column name="ProductKey" id="2F249641-6A16-E3DC-3234-3E88CE35E184">
<createdBy>karol</createdBy>
<createdTime>2024-01-16 09:16:35 UTC</createdTime>
<generatorID>07F6E527-29C7-B955-58F2-C7E9E0961FA9</generatorID>
<ownerDesignName>bazadanychwpracy</ownerDesignName>
<useDomainConstraints>false</useDomainConstraints>
<use>1</use>
<logicalDatatype>LOGDT011</logicalDatatype>
<ownDataTypeParameters>,,</ownDataTypeParameters>
<autoIncrementCycle>false</autoIncrementCycle>
</Column>
<Column name="Code" id="13DDC640-CBC3-A986-5FC7-831F13D05043">
<createdBy>karol</createdBy>
<createdTime>2024-01-16 09:16:35 UTC</createdTime>
<generatorID>158BFC5A-F1B5-899A-F9E2-C4E5A6C13EB3</generatorID>
<ownerDesignName>bazadanychwpracy</ownerDesignName>
<useDomainConstraints>false</useDomainConstraints>
<use>1</use>
<logicalDatatype>LOGDT024</logicalDatatype>
<dataTypeSize>10 CHAR</dataTypeSize>
<ownDataTypeParameters>10 CHAR,,</ownDataTypeParameters>
<autoIncrementCycle>false</autoIncrementCycle>
</Column>
<Column name="Name" id="EF7BBA14-7423-0AB2-CC06-BCE079008126">
<createdBy>karol</createdBy>
<createdTime>2024-01-16 09:16:35 UTC</createdTime>
<generatorID>9861F678-1A35-CA36-A064-275A8E0C0C7D</generatorID>
<ownerDesignName>bazadanychwpracy</ownerDesignName>
<useDomainConstraints>false</useDomainConstraints>
<use>1</use>
<logicalDatatype>LOGDT024</logicalDatatype>
<dataTypeSize>50 CHAR</dataTypeSize>
<ownDataTypeParameters>50 CHAR,,</ownDataTypeParameters>
<autoIncrementCycle>false</autoIncrementCycle>
</Column>
<Column name="SalesPoint_SalesPointKey" id="E211008A-6671-FDEC-B3DA-F55AFB7752C8">
<createdBy>karol</createdBy>
<createdTime>2024-01-16 09:16:35 UTC</createdTime>
<generatorID>36D9C970-08C2-68F9-5297-4C81D2E1789C</generatorID>
<ownerDesignName>bazadanychwpracy</ownerDesignName>
<useDomainConstraints>false</useDomainConstraints>
<use>1</use>
<logicalDatatype>LOGDT011</logicalDatatype>
<ownDataTypeParameters>,,</ownDataTypeParameters>
<previousColumn>false</previousColumn>
<autoIncrementCycle>false</autoIncrementCycle>
<associations>
<colAssociation fkAssociation="3194570D-3BF5-F89C-36CD-81E7254DAF45" referredColumn="E8B88091-4BCA-6409-8048-2F22E9F4C38E"/>
</associations>
</Column>
<Column name="ProductSubcategory_ProductSubcategoryKey" id="E943B7DB-C9DA-E1CF-5DA4-8338541328E8">
<createdBy>karol</createdBy>
<createdTime>2024-01-16 09:16:35 UTC</createdTime>
<generatorID>D50DC6BA-6D36-AC0E-F624-FB13C26E6944</generatorID>
<ownerDesignName>bazadanychwpracy</ownerDesignName>
<useDomainConstraints>false</useDomainConstraints>
<use>1</use>
<logicalDatatype>LOGDT018</logicalDatatype>
<ownDataTypeParameters>,,</ownDataTypeParameters>
<previousColumn>false</previousColumn>
<autoIncrementCycle>false</autoIncrementCycle>
<associations>
<colAssociation fkAssociation="04CC1BAD-8090-82D8-5427-C33BB9F93A82" referredColumn="5DA13EF0-7A33-AB73-23F3-3D2151A1A0DC"/>
</associations>
</Column>
</columns>
<indexes itemClass="oracle.dbtools.crest.model.design.relational.Index">
<ind_PK_UK id="73D0D9A4-33AC-7FD9-C457-6051DE922827" name="Product_PK">
<createdBy>karol</createdBy>
<createdTime>2024-01-16 09:16:35 UTC</createdTime>
<generatorID>A039BC68-F5DC-2784-01D8-FF411DA2A9A2</generatorID>
<ownerDesignName>bazadanychwpracy</ownerDesignName>
<pk>true</pk>
<indexState>Primary Constraint</indexState>
<isSurrogateKey>false</isSurrogateKey>
<indexColumnUsage>
<colUsage columnID="2F249641-6A16-E3DC-3234-3E88CE35E184"/>
</indexColumnUsage>
</ind_PK_UK>
<ind_PK_UK id="FF1AE689-4B86-0678-3903-3423441C6CA8" name="Product_Code_UN">
<createdBy>karol</createdBy>
<createdTime>2024-01-16 09:16:35 UTC</createdTime>
<generatorID>214E6EB1-5827-B588-6F3E-8CFD0DA09AF6</generatorID>
<ownerDesignName>bazadanychwpracy</ownerDesignName>
<indexState>Unique Constraint</indexState>
<isSurrogateKey>false</isSurrogateKey>
<indexColumnUsage>
<colUsage columnID="13DDC640-CBC3-A986-5FC7-831F13D05043"/>
</indexColumnUsage>
</ind_PK_UK>
<ind_PK_UK id="4A8995B1-90B8-6B03-12B2-810965BA6902" name="Product_Name_UN">
<createdBy>karol</createdBy>
<createdTime>2024-01-16 09:16:35 UTC</createdTime>
<generatorID>57F8EC85-EFF6-F6E0-0A15-A671E0805E3F</generatorID>
<ownerDesignName>bazadanychwpracy</ownerDesignName>
<indexState>Unique Constraint</indexState>
<isSurrogateKey>false</isSurrogateKey>
<indexColumnUsage>
<colUsage columnID="EF7BBA14-7423-0AB2-CC06-BCE079008126"/>
</indexColumnUsage>
</ind_PK_UK>
<ind_PK_UK id="9C9C1409-33B0-84F5-6EA6-03DBF82BFF1A" name="Product_ProductSubcategory_FK">
<createdBy>karol</createdBy>
<createdTime>2024-01-16 09:16:35 UTC</createdTime>
<generatorID>66B582F3-D9E0-4220-C711-03BA08E3967D</generatorID>
<ownerDesignName>bazadanychwpracy</ownerDesignName>
<indexState>Foreign Key</indexState>
<isSurrogateKey>false</isSurrogateKey>
<indexColumnUsage>
<colUsage columnID="E943B7DB-C9DA-E1CF-5DA4-8338541328E8"/>
</indexColumnUsage>
</ind_PK_UK>
<ind_PK_UK id="B2B9FFBC-B0FF-C1A3-32DF-41BA504B91B6" name="Product_SalesPoint_FK">
<createdBy>karol</createdBy>
<createdTime>2024-01-16 09:16:35 UTC</createdTime>
<generatorID>9E393839-8679-7481-6C88-F31E19E4FFDA</generatorID>
<ownerDesignName>bazadanychwpracy</ownerDesignName>
<indexState>Foreign Key</indexState>
<isSurrogateKey>false</isSurrogateKey>
<indexColumnUsage>
<colUsage columnID="E211008A-6671-FDEC-B3DA-F55AFB7752C8"/>
</indexColumnUsage>
</ind_PK_UK>
</indexes>
</Table>