<?xml version = '1.0' encoding = 'UTF-8'?>
<Table class="oracle.dbtools.crest.model.design.relational.Table" directorySegmentName="seg_0" id="AD67A86E-3260-0DFD-AF51-42DF1EB06B21" name="OrderHeader">
<createdBy>karol</createdBy>
<createdTime>2024-01-16 09:16:35 UTC</createdTime>
<generatorID>2120BA58-CDA0-912E-17C2-CD7B1A2CB216</generatorID>
<ownerDesignName>bazadanychwpracy</ownerDesignName>
<allowColumnReorder>false</allowColumnReorder>
<existDependencyGenerateInDDl>true</existDependencyGenerateInDDl>
<parsed>true</parsed>
<columns itemClass="oracle.dbtools.crest.model.design.relational.Column">
<Column name="OrderKey" id="49DB78EC-8212-AA15-3F01-5A1FDEA2DEEF">
<createdBy>karol</createdBy>
<createdTime>2024-01-16 09:16:35 UTC</createdTime>
<generatorID>C24D81FE-E88F-B678-E4BC-49C23DA88154</generatorID>
<ownerDesignName>bazadanychwpracy</ownerDesignName>
<useDomainConstraints>false</useDomainConstraints>
<use>1</use>
<logicalDatatype>LOGDT027</logicalDatatype>
<ownDataTypeParameters>,,</ownDataTypeParameters>
<autoIncrementCycle>false</autoIncrementCycle>
</Column>
<Column name="OrderDate" id="BF3B87CF-AA98-B5F2-32DA-1B438185FA6C">
<createdBy>karol</createdBy>
<createdTime>2024-01-16 09:16:35 UTC</createdTime>
<generatorID>F84D7B0D-D714-A1B3-116E-C24FD02A600F</generatorID>
<ownerDesignName>bazadanychwpracy</ownerDesignName>
<useDomainConstraints>false</useDomainConstraints>
<use>1</use>
<logicalDatatype>LOGDT007</logicalDatatype>
<ownDataTypeParameters>,,</ownDataTypeParameters>
<autoIncrementCycle>false</autoIncrementCycle>
</Column>
<Column name="DeliveryDate" id="FC4790B0-C4C8-3958-E105-418451BFDBE1">
<createdBy>karol</createdBy>
<createdTime>2024-01-16 09:16:35 UTC</createdTime>
<generatorID>45A6953D-4A85-0A51-88E5-1E4D733F13DD</generatorID>
<ownerDesignName>bazadanychwpracy</ownerDesignName>
<useDomainConstraints>false</useDomainConstraints>
<use>1</use>
<logicalDatatype>LOGDT007</logicalDatatype>
<ownDataTypeParameters>,,</ownDataTypeParameters>
<autoIncrementCycle>false</autoIncrementCycle>
</Column>
<Column name="DeliveryCost" id="05EF23F9-BE17-5F59-BFD1-9F95C7327AE8">
<createdBy>karol</createdBy>
<createdTime>2024-01-16 09:16:35 UTC</createdTime>
<generatorID>D9641247-9BDE-4FFC-DDA4-E7057AF0E026</generatorID>
<ownerDesignName>bazadanychwpracy</ownerDesignName>
<useDomainConstraints>false</useDomainConstraints>
<use>1</use>
<logicalDatatype>LOGDT026</logicalDatatype>
<dataTypePrecision>10</dataTypePrecision>
<dataTypeScale>2</dataTypeScale>
<ownDataTypeParameters>,10,2</ownDataTypeParameters>
<autoIncrementCycle>false</autoIncrementCycle>
</Column>
<Column name="DeliveryMethod_DeliveryMethodKey" id="52D3205C-3355-BE52-A248-A87640926948">
<createdBy>karol</createdBy>
<createdTime>2024-01-16 09:16:35 UTC</createdTime>
<generatorID>498780DE-0A3D-E189-86EE-0F0BB3F845F9</generatorID>
<ownerDesignName>bazadanychwpracy</ownerDesignName>
<useDomainConstraints>false</useDomainConstraints>
<use>1</use>
<logicalDatatype>LOGDT018</logicalDatatype>
<ownDataTypeParameters>,,</ownDataTypeParameters>
<previousColumn>false</previousColumn>
<autoIncrementCycle>false</autoIncrementCycle>
<associations>
<colAssociation fkAssociation="8BEC19B3-BBCC-F2B9-1C26-F5671FC712BB" referredColumn="D2FC5900-FC17-6C7D-53FB-E0C47324AB95"/>
</associations>
</Column>
<Column name="SalesPoint_SalesPointKey" id="B497FF17-226E-3FC1-1DC7-39C9E2B80EBE">
<createdBy>karol</createdBy>
<createdTime>2024-01-16 09:16:35 UTC</createdTime>
<generatorID>31AA79CD-9AD5-905D-A0B5-9FD2F138C8C6</generatorID>
<ownerDesignName>bazadanychwpracy</ownerDesignName>
<nullsAllowed>true</nullsAllowed>
<useDomainConstraints>false</useDomainConstraints>
<use>1</use>
<logicalDatatype>LOGDT011</logicalDatatype>
<ownDataTypeParameters>,,</ownDataTypeParameters>
<previousColumn>false</previousColumn>
<autoIncrementCycle>false</autoIncrementCycle>
<associations>
<colAssociation fkAssociation="0678B1A2-3942-4CCE-1796-D09532BFB365" referredColumn="E8B88091-4BCA-6409-8048-2F22E9F4C38E"/>
</associations>
</Column>
<Column name="PaymentMethod_PaymentMethodKey" id="6352AC84-17BC-D5EA-E36E-1A81FC9DDF9A">
<createdBy>karol</createdBy>
<createdTime>2024-01-16 09:16:35 UTC</createdTime>
<generatorID>F3395329-8B45-5D4E-AF22-1F3090B99013</generatorID>
<ownerDesignName>bazadanychwpracy</ownerDesignName>
<useDomainConstraints>false</useDomainConstraints>
<use>1</use>
<logicalDatatype>LOGDT018</logicalDatatype>
<ownDataTypeParameters>,,</ownDataTypeParameters>
<previousColumn>false</previousColumn>
<autoIncrementCycle>false</autoIncrementCycle>
<associations>
<colAssociation fkAssociation="151B4476-F1B5-7F39-750E-B5516CB585D4" referredColumn="1B693BC6-2564-4730-3DE6-57110C6BEC39"/>
</associations>
</Column>
<Column name="Country_CountryKey" id="B4D374FC-4E6A-14F9-3C9A-C880B2859EDD">
<createdBy>karol</createdBy>
<createdTime>2024-01-16 09:16:35 UTC</createdTime>
<generatorID>85DDD7F2-196D-978B-BE94-1044519359D4</generatorID>
<ownerDesignName>bazadanychwpracy</ownerDesignName>
<useDomainConstraints>false</useDomainConstraints>
<use>1</use>
<logicalDatatype>LOGDT018</logicalDatatype>
<ownDataTypeParameters>,,</ownDataTypeParameters>
<previousColumn>false</previousColumn>
<autoIncrementCycle>false</autoIncrementCycle>
<associations>
<colAssociation fkAssociation="019EB7E0-8783-D10E-D660-FA0D115E5A14" referredColumn="71FF0E01-A75B-DD9B-BD04-A5723C7E94A9"/>
</associations>
</Column>
<Column name="Customer_CustomerKey" id="B4C08315-8463-372B-67E4-D50806F15AE1">
<createdBy>karol</createdBy>
<createdTime>2024-01-16 09:16:35 UTC</createdTime>
<generatorID>5995E236-83AE-4715-C94A-52A20EE44849</generatorID>
<ownerDesignName>bazadanychwpracy</ownerDesignName>
<useDomainConstraints>false</useDomainConstraints>
<use>1</use>
<logicalDatatype>LOGDT027</logicalDatatype>
<ownDataTypeParameters>,,</ownDataTypeParameters>
<previousColumn>false</previousColumn>
<autoIncrementCycle>false</autoIncrementCycle>
<associations>
<colAssociation fkAssociation="638E3B42-059D-EB52-7B29-45F4BB14800E" referredColumn="7A863FD3-680F-3283-7047-0985084BFDB0"/>
</associations>
</Column>
<Column name="OrderStatus_OrderStatusKey" id="07B35480-D5C4-C4E0-E6C7-DFE37603AA48">
<createdBy>karol</createdBy>
<createdTime>2024-01-16 09:16:35 UTC</createdTime>
<generatorID>4ABA5F8A-9797-1D3F-67E0-65ED599B59E6</generatorID>
<ownerDesignName>bazadanychwpracy</ownerDesignName>
<useDomainConstraints>false</useDomainConstraints>
<use>1</use>
<logicalDatatype>LOGDT018</logicalDatatype>
<ownDataTypeParameters>,,</ownDataTypeParameters>
<previousColumn>false</previousColumn>
<autoIncrementCycle>false</autoIncrementCycle>
<associations>
<colAssociation fkAssociation="49392E97-42CA-4ED9-67F5-0A2D386EF12F" referredColumn="0FA82590-FA24-8230-839D-900E9C3B9414"/>
</associations>
</Column>
</columns>
<indexes itemClass="oracle.dbtools.crest.model.design.relational.Index">
<ind_PK_UK id="2A99BB09-5F24-9ECB-1EE4-ABEC95E92660" name="OrderHeader_PK">
<createdBy>karol</createdBy>
<createdTime>2024-01-16 09:16:35 UTC</createdTime>
<generatorID>719764E2-5613-5E1E-66B2-7FFE83266184</generatorID>
<ownerDesignName>bazadanychwpracy</ownerDesignName>
<pk>true</pk>
<indexState>Primary Constraint</indexState>
<isSurrogateKey>false</isSurrogateKey>
<indexColumnUsage>
<colUsage columnID="49DB78EC-8212-AA15-3F01-5A1FDEA2DEEF"/>
</indexColumnUsage>
</ind_PK_UK>
<ind_PK_UK id="89176104-396E-C795-47A1-38040C8A313D" name="OrderHeader_Country_FK">
<createdBy>karol</createdBy>
<createdTime>2024-01-16 09:16:35 UTC</createdTime>
<generatorID>9A8C0850-686B-98DD-312D-AAE21A4BAF81</generatorID>
<ownerDesignName>bazadanychwpracy</ownerDesignName>
<indexState>Foreign Key</indexState>
<isSurrogateKey>false</isSurrogateKey>
<indexColumnUsage>
<colUsage columnID="B4D374FC-4E6A-14F9-3C9A-C880B2859EDD"/>
</indexColumnUsage>
</ind_PK_UK>
<ind_PK_UK id="8A8C9613-0A86-AC25-8243-C780D2B9BD95" name="OrderHeader_Customer_FK">
<createdBy>karol</createdBy>
<createdTime>2024-01-16 09:16:35 UTC</createdTime>
<generatorID>825C391C-C18E-1734-1D81-0C1F63E0FDA5</generatorID>
<ownerDesignName>bazadanychwpracy</ownerDesignName>
<indexState>Foreign Key</indexState>
<isSurrogateKey>false</isSurrogateKey>
<indexColumnUsage>
<colUsage columnID="B4C08315-8463-372B-67E4-D50806F15AE1"/>
</indexColumnUsage>
</ind_PK_UK>
<ind_PK_UK id="D9E49BBE-6898-7CA8-A709-9E681CB99D07" name="OrderHeader_DeliveryMethod_FK">
<createdBy>karol</createdBy>
<createdTime>2024-01-16 09:16:35 UTC</createdTime>
<generatorID>CD05C3EF-5E20-CDE8-4B36-F099FA1D6F19</generatorID>
<ownerDesignName>bazadanychwpracy</ownerDesignName>
<indexState>Foreign Key</indexState>
<isSurrogateKey>false</isSurrogateKey>
<indexColumnUsage>
<colUsage columnID="52D3205C-3355-BE52-A248-A87640926948"/>
</indexColumnUsage>
</ind_PK_UK>
<ind_PK_UK id="5CC905F2-45A2-4BA1-4298-897E621DF5F7" name="OrderHeader_OrderStatus_FK">
<createdBy>karol</createdBy>
<createdTime>2024-01-16 09:16:35 UTC</createdTime>
<generatorID>7FFD3731-91BE-181E-AA7D-BCD0654C7857</generatorID>
<ownerDesignName>bazadanychwpracy</ownerDesignName>
<indexState>Foreign Key</indexState>
<isSurrogateKey>false</isSurrogateKey>
<indexColumnUsage>
<colUsage columnID="07B35480-D5C4-C4E0-E6C7-DFE37603AA48"/>
</indexColumnUsage>
</ind_PK_UK>
<ind_PK_UK id="67BD3844-BE24-0527-22C2-F3FEAA1AFAE6" name="OrderHeader_PaymentMethod_FK">
<createdBy>karol</createdBy>
<createdTime>2024-01-16 09:16:35 UTC</createdTime>
<generatorID>00C30C4A-77B1-4D53-9AFE-81567D089D7D</generatorID>
<ownerDesignName>bazadanychwpracy</ownerDesignName>
<indexState>Foreign Key</indexState>
<isSurrogateKey>false</isSurrogateKey>
<indexColumnUsage>
<colUsage columnID="6352AC84-17BC-D5EA-E36E-1A81FC9DDF9A"/>
</indexColumnUsage>
</ind_PK_UK>
<ind_PK_UK id="9986A62B-2003-E663-5635-9DE1B4B58242" name="OrderHeader_SalesPoint_FK">
<createdBy>karol</createdBy>
<createdTime>2024-01-16 09:16:35 UTC</createdTime>
<generatorID>D93CACB4-A2AA-E69E-57D5-B1D4792B6C1B</generatorID>
<ownerDesignName>bazadanychwpracy</ownerDesignName>
<indexState>Foreign Key</indexState>
<isSurrogateKey>false</isSurrogateKey>
<indexColumnUsage>
<colUsage columnID="B497FF17-226E-3FC1-1DC7-39C9E2B80EBE"/>
</indexColumnUsage>
</ind_PK_UK>
</indexes>
</Table>