<?xml version = '1.0' encoding = 'UTF-8'?>
<Table class="oracle.dbtools.crest.model.design.relational.Table" directorySegmentName="seg_0" id="DD14DE7D-8F28-527F-31FE-64E3A31D2831" name="Employee">
<createdBy>karol</createdBy>
<createdTime>2024-01-16 09:16:35 UTC</createdTime>
<generatorID>C99770D8-70EF-017B-7282-F63939928DDD</generatorID>
<ownerDesignName>bazadanychwpracy</ownerDesignName>
<allowColumnReorder>false</allowColumnReorder>
<existDependencyGenerateInDDl>true</existDependencyGenerateInDDl>
<parsed>true</parsed>
<columns itemClass="oracle.dbtools.crest.model.design.relational.Column">
<Column name="EmployeeKey" id="441CC983-5D78-982D-6794-54BA586E2B6F">
<createdBy>karol</createdBy>
<createdTime>2024-01-16 09:16:35 UTC</createdTime>
<generatorID>E62D7F1F-E48B-E83F-7DF7-93729E1E481B</generatorID>
<ownerDesignName>bazadanychwpracy</ownerDesignName>
<useDomainConstraints>false</useDomainConstraints>
<use>1</use>
<logicalDatatype>LOGDT027</logicalDatatype>
<ownDataTypeParameters>,,</ownDataTypeParameters>
<autoIncrementCycle>false</autoIncrementCycle>
</Column>
<Column name="FirstName" id="DC75D0FF-BA4B-FF04-B383-815E390CEDF9">
<createdBy>karol</createdBy>
<createdTime>2024-01-16 09:16:35 UTC</createdTime>
<generatorID>AD3A584D-67A5-309D-AAEB-B53D6E2CAB9B</generatorID>
<ownerDesignName>bazadanychwpracy</ownerDesignName>
<useDomainConstraints>false</useDomainConstraints>
<use>1</use>
<logicalDatatype>LOGDT024</logicalDatatype>
<dataTypeSize>50 CHAR</dataTypeSize>
<ownDataTypeParameters>50 CHAR,,</ownDataTypeParameters>
<autoIncrementCycle>false</autoIncrementCycle>
</Column>
<Column name="Lastname" id="26BFB610-809F-D506-AC67-4E05FEB3664D">
<createdBy>karol</createdBy>
<createdTime>2024-01-16 09:16:35 UTC</createdTime>
<generatorID>B9F49FF5-0D13-75A4-F284-92DAE64E0B56</generatorID>
<ownerDesignName>bazadanychwpracy</ownerDesignName>
<useDomainConstraints>false</useDomainConstraints>
<use>1</use>
<logicalDatatype>LOGDT024</logicalDatatype>
<dataTypeSize>50 CHAR</dataTypeSize>
<ownDataTypeParameters>50 CHAR,,</ownDataTypeParameters>
<autoIncrementCycle>false</autoIncrementCycle>
</Column>
<Column name="Email" id="57C47421-8CFB-70F7-58C4-CA5F2A614AFB">
<createdBy>karol</createdBy>
<createdTime>2024-01-16 09:16:35 UTC</createdTime>
<generatorID>476EFC47-EA69-6FB5-C830-053FE5885031</generatorID>
<ownerDesignName>bazadanychwpracy</ownerDesignName>
<useDomainConstraints>false</useDomainConstraints>
<use>1</use>
<logicalDatatype>LOGDT024</logicalDatatype>
<dataTypeSize>50 CHAR</dataTypeSize>
<ownDataTypeParameters>50 CHAR,,</ownDataTypeParameters>
<autoIncrementCycle>false</autoIncrementCycle>
</Column>
<Column name="PhoneNumber" id="374573F0-A458-3130-9D82-A403EB0E43D2">
<createdBy>karol</createdBy>
<createdTime>2024-01-16 09:16:35 UTC</createdTime>
<generatorID>14668B7C-F15B-A00D-B04E-680EFFE27868</generatorID>
<ownerDesignName>bazadanychwpracy</ownerDesignName>
<useDomainConstraints>false</useDomainConstraints>
<use>1</use>
<logicalDatatype>LOGDT024</logicalDatatype>
<dataTypeSize>11 CHAR</dataTypeSize>
<ownDataTypeParameters>11 CHAR,,</ownDataTypeParameters>
<autoIncrementCycle>false</autoIncrementCycle>
</Column>
<Column name="SalesPoint_SalesPointKey" id="60109179-AA97-AD1C-D980-7D9804536382">
<createdBy>karol</createdBy>
<createdTime>2024-01-16 09:16:35 UTC</createdTime>
<generatorID>CDAE9F0E-D62A-1CBB-0E36-B1E73BC60D76</generatorID>
<ownerDesignName>bazadanychwpracy</ownerDesignName>
<useDomainConstraints>false</useDomainConstraints>
<use>1</use>
<logicalDatatype>LOGDT011</logicalDatatype>
<ownDataTypeParameters>,,</ownDataTypeParameters>
<previousColumn>false</previousColumn>
<autoIncrementCycle>false</autoIncrementCycle>
<associations>
<colAssociation fkAssociation="1829A4F1-683C-A7CC-1314-2A101744B842" referredColumn="E8B88091-4BCA-6409-8048-2F22E9F4C38E"/>
</associations>
</Column>
</columns>
<indexes itemClass="oracle.dbtools.crest.model.design.relational.Index">
<ind_PK_UK id="2F49C6CD-F3B2-8D08-DA85-8358CE60EB61" name="Employee_PK">
<createdBy>karol</createdBy>
<createdTime>2024-01-16 09:16:35 UTC</createdTime>
<generatorID>34CF8B62-A5E2-B5F8-DD46-F20892792CB2</generatorID>
<ownerDesignName>bazadanychwpracy</ownerDesignName>
<pk>true</pk>
<indexState>Primary Constraint</indexState>
<isSurrogateKey>false</isSurrogateKey>
<indexColumnUsage>
<colUsage columnID="441CC983-5D78-982D-6794-54BA586E2B6F"/>
</indexColumnUsage>
</ind_PK_UK>
<ind_PK_UK id="B2612CA1-7AB5-5FC8-E6C1-0E403E6DEFB7" name="Employee_Email_UN">
<createdBy>karol</createdBy>
<createdTime>2024-01-16 09:16:35 UTC</createdTime>
<generatorID>4CDAEFF6-B876-EF63-E5A2-DDCC077F8C73</generatorID>
<ownerDesignName>bazadanychwpracy</ownerDesignName>
<indexState>Unique Constraint</indexState>
<isSurrogateKey>false</isSurrogateKey>
<indexColumnUsage>
<colUsage columnID="57C47421-8CFB-70F7-58C4-CA5F2A614AFB"/>
</indexColumnUsage>
</ind_PK_UK>
<ind_PK_UK id="D3F55AA2-18BC-FFE3-45C1-B1BD24E8DCA6" name="Employee_PhoneNumber_UN">
<createdBy>karol</createdBy>
<createdTime>2024-01-16 09:16:35 UTC</createdTime>
<generatorID>628DAE47-006C-DA4E-D224-C29B670ECC32</generatorID>
<ownerDesignName>bazadanychwpracy</ownerDesignName>
<indexState>Unique Constraint</indexState>
<isSurrogateKey>false</isSurrogateKey>
<indexColumnUsage>
<colUsage columnID="374573F0-A458-3130-9D82-A403EB0E43D2"/>
</indexColumnUsage>
</ind_PK_UK>
<ind_PK_UK id="B52F9406-E6A4-D19F-60EA-63AEDB148B61" name="Employee_SalesPoint_FK">
<createdBy>karol</createdBy>
<createdTime>2024-01-16 09:16:35 UTC</createdTime>
<generatorID>EF503C08-E003-3453-489F-1ED5D884E9ED</generatorID>
<ownerDesignName>bazadanychwpracy</ownerDesignName>
<indexState>Foreign Key</indexState>
<isSurrogateKey>false</isSurrogateKey>
<indexColumnUsage>
<colUsage columnID="60109179-AA97-AD1C-D980-7D9804536382"/>
</indexColumnUsage>
</ind_PK_UK>
</indexes>
</Table>