<?xml version = '1.0' encoding = 'UTF-8'?>
<Diagram class="oracle.dbtools.crest.swingui.relational.DPVRelational" name="Relational_2" id="60FB22A3-C30E-9736-BB14-A9471F1D55E4">
<createdBy>karol</createdBy>
<modifiedBy>karol</modifiedBy>
<createdTime>2024-01-11 22:02:46 UTC</createdTime>
<autoRoute>false</autoRoute>
<boxInbox>true</boxInbox>
<showLegend>false</showLegend>
<showLabels>false</showLabels>
<showRelAttributes>false</showRelAttributes>
<gridEnabled>false</gridEnabled>
<showGrid>false</showGrid>
<diagramColor>-1</diagramColor>
<display>false</display>
<notation>1</notation>
<objectViews>
<OView class="oracle.dbtools.crest.swingui.relational.TVTable" oid="086126F8-1A54-20A9-885B-85998425AD13" otype="Table" vid="B66721E9-7C86-53BE-BD8E-9D971BB5F123">
<hideElementsInCurrentOnly>false</hideElementsInCurrentOnly>
<bounds x="13" y="518" width="283" height="154"/>
</OView>
<OView class="oracle.dbtools.crest.swingui.relational.TVTable" oid="14919033-48E1-EB6E-9A5A-2A3BE4E7DA0F" otype="Table" vid="AA0DB929-C9F0-4970-0CA0-E68A998DD3DA">
<hideElementsInCurrentOnly>false</hideElementsInCurrentOnly>
<bounds x="1374" y="180" width="273" height="96"/>
</OView>
<OView class="oracle.dbtools.crest.swingui.relational.TVTable" oid="1F605C3F-A770-9CB7-355F-4BE5D093FE42" otype="Table" vid="ABF9DCBA-73B7-A04E-3FEF-04D1FDF5E897">
<hideElementsInCurrentOnly>false</hideElementsInCurrentOnly>
<bounds x="50" y="1064" width="287" height="167"/>
</OView>
<OView class="oracle.dbtools.crest.swingui.relational.TVTable" oid="3741D5E5-710A-7B9B-259A-207A454E05D8" otype="Table" vid="7E3E5277-B108-EC45-DD46-F187A2F3396E">
<hideElementsInCurrentOnly>false</hideElementsInCurrentOnly>
<bounds x="1364" y="311" width="279" height="108"/>
</OView>
<OView class="oracle.dbtools.crest.swingui.relational.TVTable" oid="485ECF9D-D16B-D64B-63F3-09CCE43BD114" otype="Table" vid="E6F39911-9CB5-9BB1-D3BC-78FBC93AF824">
<hideElementsInCurrentOnly>false</hideElementsInCurrentOnly>
<bounds x="1403" y="1050" width="317" height="189"/>
</OView>
<OView class="oracle.dbtools.crest.swingui.relational.TVTable" oid="49F604AD-8266-C32F-4D13-C80B1D77EA43" otype="Table" vid="D7FF7397-172D-3C3D-B72D-903385A13065">
<hideElementsInCurrentOnly>false</hideElementsInCurrentOnly>
<bounds x="944" y="824" width="422" height="126"/>
</OView>
<OView class="oracle.dbtools.crest.swingui.relational.TVTable" oid="69D131C5-24D3-A536-63DF-1E31A1353443" otype="Table" vid="D475631A-BE41-BB69-D740-EF7392A56655">
<hideElementsInCurrentOnly>false</hideElementsInCurrentOnly>
<bounds x="262" y="745" width="452" height="119"/>
</OView>
<OView class="oracle.dbtools.crest.swingui.relational.TVTable" oid="6F5A9487-D909-7552-63ED-A3DF259BE0F3" otype="Table" vid="CD8EE3B4-0D6C-7FE1-666C-DC93F4C302EF">
<hideElementsInCurrentOnly>false</hideElementsInCurrentOnly>
<bounds x="939" y="549" width="364" height="215"/>
</OView>
<OView class="oracle.dbtools.crest.swingui.relational.TVTable" oid="7792DDAE-4654-1566-8A73-22DA91135370" otype="Table" vid="686384DE-A19D-9194-726F-B6FF3F5D7AE4">
<hideElementsInCurrentOnly>false</hideElementsInCurrentOnly>
<bounds x="503" y="27" width="261" height="137"/>
</OView>
<OView class="oracle.dbtools.crest.swingui.relational.TVTable" oid="873E7DAE-BAD1-7734-6721-FED13E00D1AB" otype="Table" vid="B266A8F9-E7D7-90D5-A048-F8B982930B6C">
<hideElementsInCurrentOnly>false</hideElementsInCurrentOnly>
<bounds x="22" y="17" width="317" height="266"/>
</OView>
<OView class="oracle.dbtools.crest.swingui.relational.TVTable" oid="8E0555BA-2056-56E5-3471-679BAB047F57" otype="Table" vid="E562A472-3F95-BD38-A6B4-A7FCFB1EF6A6">
<hideElementsInCurrentOnly>false</hideElementsInCurrentOnly>
<bounds x="945" y="231" width="347" height="276"/>
</OView>
<OView class="oracle.dbtools.crest.swingui.relational.TVTable" oid="9181D9DD-C8CE-6882-E8C4-28E31980ACE0" otype="Table" vid="7E710B6A-C4FC-30E4-AE15-FD38F833675D">
<hideElementsInCurrentOnly>false</hideElementsInCurrentOnly>
<bounds x="398" y="496" width="307" height="194"/>
</OView>
<OView class="oracle.dbtools.crest.swingui.relational.TVTable" oid="D6339EBD-EADF-3016-6118-4C2A605B3B50" otype="Table" vid="BD32D289-A266-D1DD-8B3C-4EFA8C18608D">
<hideElementsInCurrentOnly>false</hideElementsInCurrentOnly>
<bounds x="566" y="282" width="268" height="140"/>
</OView>
<OView class="oracle.dbtools.crest.swingui.relational.TVTable" oid="DEBF7DE4-15C2-0FBB-46D9-94700A591C21" otype="Table" vid="96B9D34A-B20E-DCF1-E389-A445AB8141D0">
<hideElementsInCurrentOnly>false</hideElementsInCurrentOnly>
<bounds x="534" y="963" width="389" height="183"/>
</OView>
<OView class="oracle.dbtools.crest.swingui.relational.TVTable" oid="E0A620F9-C92C-8113-6071-E430A16F129D" otype="Table" vid="3F99CCCA-F74F-4659-2C55-052F7B7E9E5C">
<hideElementsInCurrentOnly>false</hideElementsInCurrentOnly>
<bounds x="1376" y="468" width="258" height="98"/>
</OView>
<OView class="oracle.dbtools.crest.swingui.relational.TVTable" oid="E1CCE891-BC70-3D93-A286-0F73E924015F" otype="Table" vid="0738022B-04AA-3EE3-3BB7-195139B4D711">
<hideElementsInCurrentOnly>false</hideElementsInCurrentOnly>
<bounds x="1384" y="660" width="299" height="137"/>
</OView>
<OView class="oracle.dbtools.crest.swingui.relational.TVTable" oid="E69EEBAA-E854-4A82-E9BD-6E274FEBD5B4" otype="Table" vid="AB244FC2-CF57-2ABE-84F2-F1AD61510BAB">
<hideElementsInCurrentOnly>false</hideElementsInCurrentOnly>
<bounds x="838" y="15" width="333" height="157"/>
</OView>
<OView class="oracle.dbtools.crest.swingui.relational.TVTable" oid="EAED61FA-7205-8148-A5D5-81F904206FD1" otype="Table" vid="6E356488-98F8-1761-AAE2-3E1AC1B7DE90">
<hideElementsInCurrentOnly>false</hideElementsInCurrentOnly>
<bounds x="197" y="272" width="240" height="120"/>
</OView>
<OView class="oracle.dbtools.crest.swingui.relational.TVTable" oid="F59069F8-7721-C7E3-B61F-C9735CBB89CF" otype="Table" vid="7EDA4732-9EBA-3CC9-7FB0-F3761812306F">
<hideElementsInCurrentOnly>false</hideElementsInCurrentOnly>
<bounds x="1077" y="1047" width="255" height="97"/>
</OView>
<OView class="oracle.dbtools.crest.swingui.relational.TVTable" oid="FFD49302-B9C6-7E93-7731-4EF6880FB09B" otype="Table" vid="587ACEF7-990B-ADBF-B62A-F23243DAFDCD">
<hideElementsInCurrentOnly>false</hideElementsInCurrentOnly>
<bounds x="1275" y="12" width="246" height="98"/>
</OView>
</objectViews>
<connectors>
<Connector class="oracle.dbtools.crest.swingui.relational.TVFKRelation" oid="07CCB67D-4674-B61D-B47F-2A437CCACDE7" otype="FKIndexAssociation" vid_source="96B9D34A-B20E-DCF1-E389-A445AB8141D0" vid_target="D475631A-BE41-BB69-D740-EF7392A56655">
<hideElementsInCurrentOnly>false</hideElementsInCurrentOnly>
<backgroundColor>-16777216</backgroundColor>
<lineWidth>1</lineWidth>
<points>
<point x="624" y="963"/>
<point x="624" y="864"/>
</points>
</Connector>
<Connector class="oracle.dbtools.crest.swingui.relational.TVFKRelation" oid="12E55927-4C15-AA51-F752-476BBD83E0A5" otype="FKIndexAssociation" vid_source="7E3E5277-B108-EC45-DD46-F187A2F3396E" vid_target="E562A472-3F95-BD38-A6B4-A7FCFB1EF6A6">
<hideElementsInCurrentOnly>false</hideElementsInCurrentOnly>
<backgroundColor>-16777216</backgroundColor>
<lineWidth>1</lineWidth>
<points>
<point x="1364" y="365"/>
<point x="1292" y="365"/>
</points>
</Connector>
<Connector class="oracle.dbtools.crest.swingui.relational.TVFKRelation" oid="24C1C110-E43A-8C99-E19A-9882D11FD67C" otype="FKIndexAssociation" vid_source="CD8EE3B4-0D6C-7FE1-666C-DC93F4C302EF" vid_target="E6F39911-9CB5-9BB1-D3BC-78FBC93AF824">
<hideElementsInCurrentOnly>false</hideElementsInCurrentOnly>
<backgroundColor>-16777216</backgroundColor>
<lineWidth>1</lineWidth>
<points>
<point x="1218" y="764"/>
<point x="1476" y="1050"/>
</points>
</Connector>
<Connector class="oracle.dbtools.crest.swingui.relational.TVFKRelation" oid="38BE5199-A590-D4BE-1E77-AF84D999D135" otype="FKIndexAssociation" vid_source="BD32D289-A266-D1DD-8B3C-4EFA8C18608D" vid_target="CD8EE3B4-0D6C-7FE1-666C-DC93F4C302EF">
<hideElementsInCurrentOnly>false</hideElementsInCurrentOnly>
<backgroundColor>-16777216</backgroundColor>
<lineWidth>1</lineWidth>
<points>
<point x="796" y="422"/>
<point x="972" y="549"/>
</points>
</Connector>
<Connector class="oracle.dbtools.crest.swingui.relational.TVFKRelation" oid="4B7E5EF4-66CB-FBB3-5823-B1EBC9629E43" otype="FKIndexAssociation" vid_source="6E356488-98F8-1761-AAE2-3E1AC1B7DE90" vid_target="7E710B6A-C4FC-30E4-AE15-FD38F833675D">
<hideElementsInCurrentOnly>false</hideElementsInCurrentOnly>
<backgroundColor>-16777216</backgroundColor>
<lineWidth>1</lineWidth>
<points>
<point x="417" y="392"/>
<point x="417" y="496"/>
</points>
</Connector>
<Connector class="oracle.dbtools.crest.swingui.relational.TVFKRelation" oid="4FD946E3-C0AB-6A2F-2FCB-77423EE840D6" otype="FKIndexAssociation" vid_source="CD8EE3B4-0D6C-7FE1-666C-DC93F4C302EF" vid_target="E562A472-3F95-BD38-A6B4-A7FCFB1EF6A6">
<hideElementsInCurrentOnly>false</hideElementsInCurrentOnly>
<backgroundColor>-16777216</backgroundColor>
<lineWidth>1</lineWidth>
<points>
<point x="1118" y="549"/>
<point x="1118" y="507"/>
</points>
</Connector>
<Connector class="oracle.dbtools.crest.swingui.relational.TVFKRelation" oid="5E62CA1B-5C40-FC5B-11C6-9C67C57D8969" otype="FKIndexAssociation" vid_source="AB244FC2-CF57-2ABE-84F2-F1AD61510BAB" vid_target="E562A472-3F95-BD38-A6B4-A7FCFB1EF6A6">
<hideElementsInCurrentOnly>false</hideElementsInCurrentOnly>
<backgroundColor>-16777216</backgroundColor>
<lineWidth>1</lineWidth>
<points>
<point x="1073" y="172"/>
<point x="1073" y="231"/>
</points>
</Connector>
<Connector class="oracle.dbtools.crest.swingui.relational.TVFKRelation" oid="6264C31D-09D3-F009-E947-7BD2D86D2784" otype="FKIndexAssociation" vid_source="E6F39911-9CB5-9BB1-D3BC-78FBC93AF824" vid_target="ABF9DCBA-73B7-A04E-3FEF-04D1FDF5E897">
<hideElementsInCurrentOnly>false</hideElementsInCurrentOnly>
<backgroundColor>-16777216</backgroundColor>
<lineWidth>1</lineWidth>
<points>
<point x="1403" y="1162"/>
<point x="337" y="1162"/>
</points>
</Connector>
<Connector class="oracle.dbtools.crest.swingui.relational.TVFKRelation" oid="66C585E5-AD66-CA0E-0E7C-1671ACD5AB13" otype="FKIndexAssociation" vid_source="AA0DB929-C9F0-4970-0CA0-E68A998DD3DA" vid_target="E562A472-3F95-BD38-A6B4-A7FCFB1EF6A6">
<hideElementsInCurrentOnly>false</hideElementsInCurrentOnly>
<backgroundColor>-16777216</backgroundColor>
<lineWidth>1</lineWidth>
<points>
<point x="1374" y="268"/>
<point x="1292" y="268"/>
</points>
</Connector>
<Connector class="oracle.dbtools.crest.swingui.relational.TVFKRelation" oid="6BAE605A-60D3-1F16-853C-D08A51AF1E3D" otype="FKIndexAssociation" vid_source="BD32D289-A266-D1DD-8B3C-4EFA8C18608D" vid_target="B266A8F9-E7D7-90D5-A048-F8B982930B6C">
<hideElementsInCurrentOnly>false</hideElementsInCurrentOnly>
<backgroundColor>-16777216</backgroundColor>
<lineWidth>1</lineWidth>
<points>
<point x="566" y="282"/>
<point x="339" y="282"/>
</points>
</Connector>
<Connector class="oracle.dbtools.crest.swingui.relational.TVFKRelation" oid="73C2C90A-FE4D-1759-7784-CAA095533349" otype="FKIndexAssociation" vid_source="D7FF7397-172D-3C3D-B72D-903385A13065" vid_target="96B9D34A-B20E-DCF1-E389-A445AB8141D0">
<hideElementsInCurrentOnly>false</hideElementsInCurrentOnly>
<backgroundColor>-16777216</backgroundColor>
<lineWidth>1</lineWidth>
<points>
<point x="994" y="950"/>
<point x="923" y="978"/>
</points>
</Connector>
<Connector class="oracle.dbtools.crest.swingui.relational.TVFKRelation" oid="744A79AA-120B-2869-C9B1-BDE5F8A87F7F" otype="FKIndexAssociation" vid_source="96B9D34A-B20E-DCF1-E389-A445AB8141D0" vid_target="B66721E9-7C86-53BE-BD8E-9D971BB5F123">
<hideElementsInCurrentOnly>false</hideElementsInCurrentOnly>
<backgroundColor>-16777216</backgroundColor>
<lineWidth>1</lineWidth>
<points>
<point x="614" y="963"/>
<point x="250" y="672"/>
</points>
</Connector>
<Connector class="oracle.dbtools.crest.swingui.relational.TVFKRelation" oid="89AE33AF-231E-5016-29D8-51D1711283BB" otype="FKIndexAssociation" vid_source="7EDA4732-9EBA-3CC9-7FB0-F3761812306F" vid_target="D7FF7397-172D-3C3D-B72D-903385A13065">
<hideElementsInCurrentOnly>false</hideElementsInCurrentOnly>
<backgroundColor>-16777216</backgroundColor>
<lineWidth>1</lineWidth>
<points>
<point x="1204" y="1047"/>
<point x="1204" y="950"/>
</points>
</Connector>
<Connector class="oracle.dbtools.crest.swingui.relational.TVFKRelation" oid="8D4D2AB1-5CBB-FE05-C172-693E8B967721" otype="FKIndexAssociation" vid_source="7E710B6A-C4FC-30E4-AE15-FD38F833675D" vid_target="D475631A-BE41-BB69-D740-EF7392A56655">
<hideElementsInCurrentOnly>false</hideElementsInCurrentOnly>
<backgroundColor>-16777216</backgroundColor>
<lineWidth>1</lineWidth>
<points>
<point x="551" y="690"/>
<point x="551" y="745"/>
</points>
</Connector>
<Connector class="oracle.dbtools.crest.swingui.relational.TVFKRelation" oid="9957C7E0-023D-53FB-A830-BFB8527E5E38" otype="FKIndexAssociation" vid_source="CD8EE3B4-0D6C-7FE1-666C-DC93F4C302EF" vid_target="ABF9DCBA-73B7-A04E-3FEF-04D1FDF5E897">
<hideElementsInCurrentOnly>false</hideElementsInCurrentOnly>
<backgroundColor>-16777216</backgroundColor>
<lineWidth>1</lineWidth>
<points>
<point x="939" y="752"/>
<point x="337" y="1071"/>
</points>
</Connector>
<Connector class="oracle.dbtools.crest.swingui.relational.TVFKRelation" oid="A9F2AC93-0896-FF32-7A02-34151CB087AE" otype="FKIndexAssociation" vid_source="B266A8F9-E7D7-90D5-A048-F8B982930B6C" vid_target="E562A472-3F95-BD38-A6B4-A7FCFB1EF6A6">
<hideElementsInCurrentOnly>false</hideElementsInCurrentOnly>
<backgroundColor>-16777216</backgroundColor>
<lineWidth>1</lineWidth>
<points>
<point x="339" y="242"/>
<point x="945" y="242"/>
</points>
</Connector>
<Connector class="oracle.dbtools.crest.swingui.relational.TVFKRelation" oid="AA96EA06-A707-91C0-DDDD-2CA45CA22B37" otype="FKIndexAssociation" vid_source="CD8EE3B4-0D6C-7FE1-666C-DC93F4C302EF" vid_target="96B9D34A-B20E-DCF1-E389-A445AB8141D0">
<hideElementsInCurrentOnly>false</hideElementsInCurrentOnly>
<backgroundColor>-16777216</backgroundColor>
<lineWidth>1</lineWidth>
<points>
<point x="1014" y="764"/>
<point x="818" y="963"/>
</points>
</Connector>
<Connector class="oracle.dbtools.crest.swingui.relational.TVFKRelation" oid="B03B1B88-AC0E-5898-CBCF-0D3251FDD4C4" otype="FKIndexAssociation" vid_source="686384DE-A19D-9194-726F-B6FF3F5D7AE4" vid_target="CD8EE3B4-0D6C-7FE1-666C-DC93F4C302EF">
<hideElementsInCurrentOnly>false</hideElementsInCurrentOnly>
<backgroundColor>-16777216</backgroundColor>
<lineWidth>1</lineWidth>
<points>
<point x="693" y="164"/>
<point x="1027" y="549"/>
</points>
</Connector>
<Connector class="oracle.dbtools.crest.swingui.relational.TVFKRelation" oid="BC2AC48A-F02B-A4A3-F1C5-F6A2F234D4B9" otype="FKIndexAssociation" vid_source="CD8EE3B4-0D6C-7FE1-666C-DC93F4C302EF" vid_target="0738022B-04AA-3EE3-3BB7-195139B4D711">
<hideElementsInCurrentOnly>false</hideElementsInCurrentOnly>
<backgroundColor>-16777216</backgroundColor>
<lineWidth>1</lineWidth>
<points>
<point x="1303" y="712"/>
<point x="1384" y="712"/>
</points>
</Connector>
<Connector class="oracle.dbtools.crest.swingui.relational.TVFKRelation" oid="C047D204-691B-C587-75E9-32A427998397" otype="FKIndexAssociation" vid_source="686384DE-A19D-9194-726F-B6FF3F5D7AE4" vid_target="B266A8F9-E7D7-90D5-A048-F8B982930B6C">
<hideElementsInCurrentOnly>false</hideElementsInCurrentOnly>
<backgroundColor>-16777216</backgroundColor>
<lineWidth>1</lineWidth>
<points>
<point x="503" y="110"/>
<point x="339" y="110"/>
</points>
</Connector>
<Connector class="oracle.dbtools.crest.swingui.relational.TVFKRelation" oid="CB5B8D1A-56C7-C45B-4785-F36279B73374" otype="FKIndexAssociation" vid_source="587ACEF7-990B-ADBF-B62A-F23243DAFDCD" vid_target="AB244FC2-CF57-2ABE-84F2-F1AD61510BAB">
<hideElementsInCurrentOnly>false</hideElementsInCurrentOnly>
<backgroundColor>-16777216</backgroundColor>
<lineWidth>1</lineWidth>
<points>
<point x="1275" y="62"/>
<point x="1171" y="62"/>
</points>
</Connector>
<Connector class="oracle.dbtools.crest.swingui.relational.TVFKRelation" oid="CF479321-8F73-1FEA-F727-F560891954CD" otype="FKIndexAssociation" vid_source="E562A472-3F95-BD38-A6B4-A7FCFB1EF6A6" vid_target="7E710B6A-C4FC-30E4-AE15-FD38F833675D">
<hideElementsInCurrentOnly>false</hideElementsInCurrentOnly>
<backgroundColor>-16777216</backgroundColor>
<lineWidth>1</lineWidth>
<points>
<point x="945" y="501"/>
<point x="705" y="501"/>
</points>
</Connector>
<Connector class="oracle.dbtools.crest.swingui.relational.TVFKRelation" oid="D1158E30-D808-7C27-1A39-1D5BD0A70D6B" otype="FKIndexAssociation" vid_source="B66721E9-7C86-53BE-BD8E-9D971BB5F123" vid_target="ABF9DCBA-73B7-A04E-3FEF-04D1FDF5E897">
<hideElementsInCurrentOnly>false</hideElementsInCurrentOnly>
<backgroundColor>-16777216</backgroundColor>
<lineWidth>1</lineWidth>
<points>
<point x="188" y="672"/>
<point x="188" y="1064"/>
</points>
</Connector>
<Connector class="oracle.dbtools.crest.swingui.relational.TVFKRelation" oid="E0E30EC2-5014-2D16-DC99-C54EA2E2022A" otype="FKIndexAssociation" vid_source="AB244FC2-CF57-2ABE-84F2-F1AD61510BAB" vid_target="686384DE-A19D-9194-726F-B6FF3F5D7AE4">
<hideElementsInCurrentOnly>false</hideElementsInCurrentOnly>
<backgroundColor>-16777216</backgroundColor>
<lineWidth>1</lineWidth>
<points>
<point x="838" y="110"/>
<point x="764" y="110"/>
</points>
</Connector>
<Connector class="oracle.dbtools.crest.swingui.relational.TVFKRelation" oid="F4E34068-76AE-30A0-DA3D-9E810F809996" otype="FKIndexAssociation" vid_source="B266A8F9-E7D7-90D5-A048-F8B982930B6C" vid_target="B66721E9-7C86-53BE-BD8E-9D971BB5F123">
<hideElementsInCurrentOnly>false</hideElementsInCurrentOnly>
<backgroundColor>-16777216</backgroundColor>
<lineWidth>1</lineWidth>
<points>
<point x="159" y="283"/>
<point x="159" y="518"/>
</points>
</Connector>
<Connector class="oracle.dbtools.crest.swingui.relational.TVFKRelation" oid="FE84709A-94B9-8C90-30EE-4257E3123EA7" otype="FKIndexAssociation" vid_source="3F99CCCA-F74F-4659-2C55-052F7B7E9E5C" vid_target="E562A472-3F95-BD38-A6B4-A7FCFB1EF6A6">
<hideElementsInCurrentOnly>false</hideElementsInCurrentOnly>
<backgroundColor>-16777216</backgroundColor>
<lineWidth>1</lineWidth>
<points>
<point x="1376" y="487"/>
<point x="1292" y="487"/>
</points>
</Connector>
</connectors>
</Diagram>