<?xml version = '1.0' encoding = 'UTF-8'?>
<Relation class="oracle.dbtools.crest.model.design.logical.Relation" name="OrderHeader PaymentMethod FK" directorySegmentName="seg_0" id="00C30C4A-77B1-4D53-9AFE-81567D089D7D">
<createdBy>student</createdBy>
<createdTime>2023-10-17 08:01:19 UTC</createdTime>
<ownerDesignName>bazka</ownerDesignName>
<engineerTo>
<item key="3275A62E-2A39-891F-D0EB-03CC6A837B93" value="true"/>
</engineerTo>
<sourcePk>A34D4993-5DBA-F282-7FD6-B214D28012A2</sourcePk>
<identifying>false</identifying>
<optionalSource>true</optionalSource>
<optionalTarget>false</optionalTarget>
<sourceCardinality>1</sourceCardinality>
<sourceEntity>EDFEB0B6-5796-811E-AECB-7126FBE63775</sourceEntity>
<targetCardinalityString>*</targetCardinalityString>
<targetEntity>2120BA58-CDA0-912E-17C2-CD7B1A2CB216</targetEntity>
<transferable>true</transferable>
<deleteRule>NO ACTION</deleteRule>
</Relation>