<?xml version = '1.0' encoding = 'UTF-8'?>
<Relation class="oracle.dbtools.crest.model.design.logical.Relation" name="Question Customer FK" directorySegmentName="seg_0" id="6D9E4D24-79E2-9A0A-B365-F949CA103D8C">
<createdBy>student</createdBy>
<createdTime>2023-10-17 08:12:16 UTC</createdTime>
<ownerDesignName>bazka</ownerDesignName>
<engineerTo>
<item key="3275A62E-2A39-891F-D0EB-03CC6A837B93" value="true"/>
</engineerTo>
<sourcePk>1E75FDEB-2520-2345-5670-3B662EE1B7A7</sourcePk>
<identifying>false</identifying>
<optionalSource>true</optionalSource>
<optionalTarget>false</optionalTarget>
<sourceCardinality>1</sourceCardinality>
<sourceEntity>6252285C-DFCD-F055-129D-7B8FEBD970E2</sourceEntity>
<targetCardinalityString>*</targetCardinalityString>
<targetEntity>067F5BA3-FD4D-AA73-C950-F466C4621D9F</targetEntity>
<transferable>true</transferable>
<deleteRule>NO ACTION</deleteRule>
</Relation>