<?xml version = '1.0' encoding = 'UTF-8'?>
<Relation class="oracle.dbtools.crest.model.design.logical.Relation" name="OrderDetail OrderHeader FK" directorySegmentName="seg_0" id="71AADB6C-152A-9201-60A2-4BCA266D97CE">
<createdBy>karol</createdBy>
<createdTime>2024-01-09 20:54:01 UTC</createdTime>
<ownerDesignName>bazka</ownerDesignName>
<engineerTo>
<item key="3275A62E-2A39-891F-D0EB-03CC6A837B93" value="true"/>
</engineerTo>
<sourcePk>719764E2-5613-5E1E-66B2-7FFE83266184</sourcePk>
<identifying>true</identifying>
<optionalSource>false</optionalSource>
<optionalTarget>false</optionalTarget>
<sourceCardinality>1</sourceCardinality>
<sourceEntity>2120BA58-CDA0-912E-17C2-CD7B1A2CB216</sourceEntity>
<targetCardinalityString>*</targetCardinalityString>
<targetEntity>CF3EFB76-9654-527C-C4E7-4A3362DFD298</targetEntity>
<transferable>true</transferable>
<deleteRule>NO ACTION</deleteRule>
</Relation>