<?xml version = '1.0' encoding = 'UTF-8'?>
<Relation class="oracle.dbtools.crest.model.design.logical.Relation" name="OrderHeader Customer FK" directorySegmentName="seg_0" id="825C391C-C18E-1734-1D81-0C1F63E0FDA5">
<createdBy>student</createdBy>
<createdTime>2023-10-17 08:07:19 UTC</createdTime>
<ownerDesignName>bazka</ownerDesignName>
<engineerTo>
<item key="3275A62E-2A39-891F-D0EB-03CC6A837B93" value="true"/>
</engineerTo>
<sourcePk>1E75FDEB-2520-2345-5670-3B662EE1B7A7</sourcePk>
<identifying>false</identifying>
<optionalSource>true</optionalSource>
<optionalTarget>false</optionalTarget>
<sourceCardinality>1</sourceCardinality>
<sourceEntity>6252285C-DFCD-F055-129D-7B8FEBD970E2</sourceEntity>
<targetCardinalityString>*</targetCardinalityString>
<targetEntity>2120BA58-CDA0-912E-17C2-CD7B1A2CB216</targetEntity>
<transferable>true</transferable>
<deleteRule>NO ACTION</deleteRule>
</Relation>