<?xml version = '1.0' encoding = 'UTF-8'?>
<Relation class="oracle.dbtools.crest.model.design.logical.Relation" name="Customer City FK" directorySegmentName="seg_0" id="8F6821A3-A655-BEAD-CE6A-3D5FB710D855">
<createdBy>student</createdBy>
<createdTime>2023-10-17 07:57:48 UTC</createdTime>
<ownerDesignName>bazka</ownerDesignName>
<engineerTo>
<item key="3275A62E-2A39-891F-D0EB-03CC6A837B93" value="true"/>
</engineerTo>
<sourcePk>FC26A217-0CE4-C68A-6579-50CCBC27C904</sourcePk>
<identifying>false</identifying>
<optionalSource>true</optionalSource>
<optionalTarget>true</optionalTarget>
<sourceCardinality>1</sourceCardinality>
<sourceEntity>4F4230F6-9DB6-C505-227A-37058F17F4BB</sourceEntity>
<targetCardinalityString>*</targetCardinalityString>
<targetEntity>6252285C-DFCD-F055-129D-7B8FEBD970E2</targetEntity>
<transferable>true</transferable>
<deleteRule>NO ACTION</deleteRule>
</Relation>