<?xml version = '1.0' encoding = 'UTF-8'?>
<Relation class="oracle.dbtools.crest.model.design.logical.Relation" name="Country SalesTerritory FK" directorySegmentName="seg_0" id="EE1A9B8E-2B1A-C75D-BDFD-BAA74C8F034F">
<createdBy>student</createdBy>
<createdTime>2023-10-17 08:06:01 UTC</createdTime>
<ownerDesignName>bazka</ownerDesignName>
<engineerTo>
<item key="3275A62E-2A39-891F-D0EB-03CC6A837B93" value="true"/>
</engineerTo>
<sourcePk>E50FAF39-DB94-7994-1506-36976CFC0A21</sourcePk>
<identifying>false</identifying>
<optionalSource>true</optionalSource>
<optionalTarget>false</optionalTarget>
<sourceCardinality>1</sourceCardinality>
<sourceEntity>53F9F9F6-19F6-C3CA-76C5-FAB162604EB0</sourceEntity>
<targetCardinalityString>*</targetCardinalityString>
<targetEntity>E919A297-E7BF-3DFF-4385-556FE05A72DE</targetEntity>
<transferable>true</transferable>
<deleteRule>NO ACTION</deleteRule>
</Relation>