<?xml version = '1.0' encoding = 'UTF-8'?>
<Relation class="oracle.dbtools.crest.model.design.logical.Relation" name="Employee SalesPoint FK" directorySegmentName="seg_0" id="EF503C08-E003-3453-489F-1ED5D884E9ED">
<createdBy>student</createdBy>
<createdTime>2023-10-17 08:19:36 UTC</createdTime>
<ownerDesignName>bazka</ownerDesignName>
<engineerTo>
<item key="3275A62E-2A39-891F-D0EB-03CC6A837B93" value="true"/>
</engineerTo>
<sourcePk>C9BFD47C-BAB2-930F-922E-CADA656DD9F0</sourcePk>
<identifying>false</identifying>
<optionalSource>false</optionalSource>
<optionalTarget>false</optionalTarget>
<sourceCardinality>1</sourceCardinality>
<sourceEntity>B05BA131-0D93-D612-9F86-661754A77AA7</sourceEntity>
<targetCardinalityString>*</targetCardinalityString>
<targetEntity>C99770D8-70EF-017B-7282-F63939928DDD</targetEntity>
<transferable>true</transferable>
<deleteRule>NO ACTION</deleteRule>
</Relation>