<?xml version = '1.0' encoding = 'UTF-8'?>
<Table class="oracle.dbtools.crest.model.design.relational.Table" directorySegmentName="seg_0" id="49F604AD-8266-C32F-4D13-C80B1D77EA43" name="ProductSubcategory">
<createdBy>karol</createdBy>
<createdTime>2024-01-11 22:02:54 UTC</createdTime>
<generatorID>7C89478D-8CF3-EC06-2612-9D8057581EC9</generatorID>
<ownerDesignName>bazadanychwpracy</ownerDesignName>
<allowColumnReorder>false</allowColumnReorder>
<existDependencyGenerateInDDl>true</existDependencyGenerateInDDl>
<parsed>true</parsed>
<columns itemClass="oracle.dbtools.crest.model.design.relational.Column">
<Column name="ProductSubcategoryKey" id="F6D4EF62-F340-994E-8448-E91091B09182">
<createdBy>karol</createdBy>
<createdTime>2024-01-11 22:02:54 UTC</createdTime>
<generatorID>07014949-3281-4ED2-F60B-EDE23EE7ECBF</generatorID>
<ownerDesignName>bazadanychwpracy</ownerDesignName>
<useDomainConstraints>false</useDomainConstraints>
<use>1</use>
<logicalDatatype>LOGDT018</logicalDatatype>
<ownDataTypeParameters>,,</ownDataTypeParameters>
<autoIncrementCycle>false</autoIncrementCycle>
</Column>
<Column name="Name" id="F7B0C7EF-5361-5E54-AD3A-BC2D97B078C2">
<createdBy>karol</createdBy>
<createdTime>2024-01-11 22:02:54 UTC</createdTime>
<generatorID>3CB44043-A416-DBE0-BFC6-B4CAA10C4005</generatorID>
<ownerDesignName>bazadanychwpracy</ownerDesignName>
<useDomainConstraints>false</useDomainConstraints>
<use>1</use>
<logicalDatatype>LOGDT024</logicalDatatype>
<dataTypeSize>50 CHAR</dataTypeSize>
<ownDataTypeParameters>50 CHAR,,</ownDataTypeParameters>
<autoIncrementCycle>false</autoIncrementCycle>
</Column>
<Column name="ProductCategoryKey" id="9FAB3813-A888-ACB9-4347-E933D5AC26FE">
<createdBy>karol</createdBy>
<createdTime>2024-01-11 22:02:54 UTC</createdTime>
<generatorID>FE4D6A3A-DE9C-7257-F44D-FAE7605E4ECE</generatorID>
<ownerDesignName>bazadanychwpracy</ownerDesignName>
<useDomainConstraints>false</useDomainConstraints>
<use>1</use>
<logicalDatatype>LOGDT018</logicalDatatype>
<ownDataTypeParameters>,,</ownDataTypeParameters>
<previousColumn>false</previousColumn>
<autoIncrementCycle>false</autoIncrementCycle>
<associations>
<colAssociation fkAssociation="89AE33AF-231E-5016-29D8-51D1711283BB" referredColumn="053969C5-9355-F9D5-04F9-5FC7F2DA9DCE"/>
</associations>
</Column>
</columns>
<indexes itemClass="oracle.dbtools.crest.model.design.relational.Index">
<ind_PK_UK id="D2864942-CC43-7A97-A66D-287FACF0732F" name="ProductSubcategory_PK">
<createdBy>karol</createdBy>
<createdTime>2024-01-11 22:02:54 UTC</createdTime>
<generatorID>BD3482B9-7710-43FB-78AA-846940428D92</generatorID>
<ownerDesignName>bazadanychwpracy</ownerDesignName>
<pk>true</pk>
<indexState>Primary Constraint</indexState>
<isSurrogateKey>false</isSurrogateKey>
<indexColumnUsage>
<colUsage columnID="F6D4EF62-F340-994E-8448-E91091B09182"/>
</indexColumnUsage>
</ind_PK_UK>
<ind_PK_UK id="3F9170CB-11E7-6071-B215-1D862BCBAB8F" name="ProductSubcategory_Name_UN">
<createdBy>karol</createdBy>
<createdTime>2024-01-11 22:02:54 UTC</createdTime>
<generatorID>35B2DC38-8D4B-9653-9681-775478044E47</generatorID>
<ownerDesignName>bazadanychwpracy</ownerDesignName>
<indexState>Unique Constraint</indexState>
<isSurrogateKey>false</isSurrogateKey>
<indexColumnUsage>
<colUsage columnID="F7B0C7EF-5361-5E54-AD3A-BC2D97B078C2"/>
</indexColumnUsage>
</ind_PK_UK>
<ind_PK_UK id="263C5858-5EDA-C77D-6AED-C9146D453893" name="ProductCategory_FK">
<createdBy>karol</createdBy>
<createdTime>2024-01-11 22:02:54 UTC</createdTime>
<generatorID>10F75AB2-4A08-10C8-91CE-E9DBC79BA2FE</generatorID>
<ownerDesignName>bazadanychwpracy</ownerDesignName>
<indexState>Foreign Key</indexState>
<isSurrogateKey>false</isSurrogateKey>
<indexColumnUsage>
<colUsage columnID="9FAB3813-A888-ACB9-4347-E933D5AC26FE"/>
</indexColumnUsage>
</ind_PK_UK>
</indexes>
</Table>