<?xml version = '1.0' encoding = 'UTF-8'?>
<Table class="oracle.dbtools.crest.model.design.relational.Table" directorySegmentName="seg_0" id="873E7DAE-BAD1-7734-6721-FED13E00D1AB" name="Customer">
<createdBy>karol</createdBy>
<createdTime>2024-01-11 22:02:54 UTC</createdTime>
<generatorID>6252285C-DFCD-F055-129D-7B8FEBD970E2</generatorID>
<ownerDesignName>bazadanychwpracy</ownerDesignName>
<allowColumnReorder>false</allowColumnReorder>
<existDependencyGenerateInDDl>true</existDependencyGenerateInDDl>
<parsed>true</parsed>
<columns itemClass="oracle.dbtools.crest.model.design.relational.Column">
<Column name="CustomerKey" id="DF0B17BB-7E7F-8C61-C091-8BCC1362045C">
<createdBy>karol</createdBy>
<createdTime>2024-01-11 22:02:54 UTC</createdTime>
<generatorID>4B77D631-86DC-2A82-C3B0-79A1ED566C33</generatorID>
<ownerDesignName>bazadanychwpracy</ownerDesignName>
<useDomainConstraints>false</useDomainConstraints>
<use>1</use>
<logicalDatatype>LOGDT027</logicalDatatype>
<ownDataTypeParameters>,,</ownDataTypeParameters>
<autoIncrementCycle>false</autoIncrementCycle>
</Column>
<Column name="Email" id="BF58586A-C087-0EB8-5853-BCD8BF1B9C27">
<createdBy>karol</createdBy>
<createdTime>2024-01-11 22:02:54 UTC</createdTime>
<generatorID>C39A5EC7-34EE-A6F7-2844-48B4CE2370D8</generatorID>
<ownerDesignName>bazadanychwpracy</ownerDesignName>
<useDomainConstraints>false</useDomainConstraints>
<use>1</use>
<logicalDatatype>LOGDT024</logicalDatatype>
<dataTypeSize>50 CHAR</dataTypeSize>
<ownDataTypeParameters>50 CHAR,,</ownDataTypeParameters>
<autoIncrementCycle>false</autoIncrementCycle>
</Column>
<Column name="Password" id="E4908F8D-E4CC-2A30-CFDF-5A3AE015DE41">
<createdBy>karol</createdBy>
<createdTime>2024-01-11 22:02:54 UTC</createdTime>
<generatorID>49ECEA6B-3F83-C41A-76C7-85AD27883966</generatorID>
<ownerDesignName>bazadanychwpracy</ownerDesignName>
<useDomainConstraints>false</useDomainConstraints>
<use>1</use>
<logicalDatatype>LOGDT024</logicalDatatype>
<dataTypeSize>50 CHAR</dataTypeSize>
<ownDataTypeParameters>50 CHAR,,</ownDataTypeParameters>
<autoIncrementCycle>false</autoIncrementCycle>
</Column>
<Column name="FirstName" id="E207F1EC-DDCF-947D-0BB3-631F33B4D7B6">
<createdBy>karol</createdBy>
<createdTime>2024-01-11 22:02:54 UTC</createdTime>
<generatorID>F6A7E63C-9BAD-32FD-CE20-3001AE73863B</generatorID>
<ownerDesignName>bazadanychwpracy</ownerDesignName>
<useDomainConstraints>false</useDomainConstraints>
<use>1</use>
<logicalDatatype>LOGDT024</logicalDatatype>
<dataTypeSize>50 CHAR</dataTypeSize>
<ownDataTypeParameters>50 CHAR,,</ownDataTypeParameters>
<autoIncrementCycle>false</autoIncrementCycle>
</Column>
<Column name="LastName" id="91FC5724-EA14-C347-8A1A-0AC8A8A7868E">
<createdBy>karol</createdBy>
<createdTime>2024-01-11 22:02:54 UTC</createdTime>
<generatorID>3D2358E2-EE55-9431-AFBF-584C5825DB42</generatorID>
<ownerDesignName>bazadanychwpracy</ownerDesignName>
<useDomainConstraints>false</useDomainConstraints>
<use>1</use>
<logicalDatatype>LOGDT024</logicalDatatype>
<dataTypeSize>50 CHAR</dataTypeSize>
<ownDataTypeParameters>50 CHAR,,</ownDataTypeParameters>
<autoIncrementCycle>false</autoIncrementCycle>
</Column>
<Column name="PhoneNumber" id="DD9710C3-370F-893B-0491-FC73D6802AC3">
<createdBy>karol</createdBy>
<createdTime>2024-01-11 22:02:54 UTC</createdTime>
<generatorID>A7C16C8F-6C2E-FDED-3C97-C569050657A9</generatorID>
<ownerDesignName>bazadanychwpracy</ownerDesignName>
<nullsAllowed>true</nullsAllowed>
<useDomainConstraints>false</useDomainConstraints>
<use>1</use>
<logicalDatatype>LOGDT024</logicalDatatype>
<dataTypeSize>11 CHAR</dataTypeSize>
<ownDataTypeParameters>11 CHAR,,</ownDataTypeParameters>
<autoIncrementCycle>false</autoIncrementCycle>
</Column>
<Column name="Birthday" id="6E843708-B139-5C77-73E0-68E0350DF3FD">
<createdBy>karol</createdBy>
<createdTime>2024-01-11 22:02:54 UTC</createdTime>
<generatorID>FEE01C9B-6C26-EBEF-9252-9FC05D3C5A17</generatorID>
<ownerDesignName>bazadanychwpracy</ownerDesignName>
<nullsAllowed>true</nullsAllowed>
<useDomainConstraints>false</useDomainConstraints>
<use>1</use>
<logicalDatatype>LOGDT007</logicalDatatype>
<ownDataTypeParameters>,,</ownDataTypeParameters>
<autoIncrementCycle>false</autoIncrementCycle>
</Column>
<Column name="Address" id="5C31C02F-827A-091E-BDEC-120E459014AC">
<createdBy>karol</createdBy>
<createdTime>2024-01-11 22:02:54 UTC</createdTime>
<generatorID>CC7BCDC3-48BE-721C-1239-51571B551D28</generatorID>
<ownerDesignName>bazadanychwpracy</ownerDesignName>
<useDomainConstraints>false</useDomainConstraints>
<use>1</use>
<logicalDatatype>LOGDT024</logicalDatatype>
<dataTypeSize>80 CHAR</dataTypeSize>
<ownDataTypeParameters>80 CHAR,,</ownDataTypeParameters>
<autoIncrementCycle>false</autoIncrementCycle>
</Column>
<Column name="CreationDate" id="C6C1A841-E89A-05D4-7B39-89B12BFFED99">
<createdBy>karol</createdBy>
<createdTime>2024-01-11 22:02:54 UTC</createdTime>
<generatorID>88902316-32C4-E6A0-BB03-5BD58B6CC549</generatorID>
<ownerDesignName>bazadanychwpracy</ownerDesignName>
<useDomainConstraints>false</useDomainConstraints>
<use>1</use>
<logicalDatatype>LOGDT007</logicalDatatype>
<ownDataTypeParameters>,,</ownDataTypeParameters>
<autoIncrementCycle>false</autoIncrementCycle>
</Column>
<Column name="ModificationDate" id="B6721E60-D063-389C-D6E2-46B20B062E90">
<createdBy>karol</createdBy>
<createdTime>2024-01-11 22:02:54 UTC</createdTime>
<generatorID>861FD6C2-E217-B9D0-D3DA-9EF02377EB9C</generatorID>
<ownerDesignName>bazadanychwpracy</ownerDesignName>
<useDomainConstraints>false</useDomainConstraints>
<use>1</use>
<logicalDatatype>LOGDT007</logicalDatatype>
<ownDataTypeParameters>,,</ownDataTypeParameters>
<autoIncrementCycle>false</autoIncrementCycle>
</Column>
<Column name="CityKey" id="F7B4E0C1-8A2E-92A8-3F96-42D05F6A6900">
<createdBy>karol</createdBy>
<createdTime>2024-01-11 22:02:54 UTC</createdTime>
<generatorID>1C179838-9FEF-8AB2-387C-055EBF36FAEB</generatorID>
<ownerDesignName>bazadanychwpracy</ownerDesignName>
<nullsAllowed>true</nullsAllowed>
<useDomainConstraints>false</useDomainConstraints>
<use>1</use>
<logicalDatatype>LOGDT011</logicalDatatype>
<ownDataTypeParameters>,,</ownDataTypeParameters>
<previousColumn>false</previousColumn>
<autoIncrementCycle>false</autoIncrementCycle>
<associations>
<colAssociation fkAssociation="C047D204-691B-C587-75E9-32A427998397" referredColumn="AD77657F-CAA5-709E-3FAE-388085ABC93B"/>
</associations>
</Column>
<Column name="AdministratorKey" id="4A3A277A-BEDE-5D88-30C9-5EA4DD112A7A">
<createdBy>karol</createdBy>
<createdTime>2024-01-11 22:02:54 UTC</createdTime>
<generatorID>2DCC4DF0-0686-79DB-78D7-903775CEB55C</generatorID>
<ownerDesignName>bazadanychwpracy</ownerDesignName>
<useDomainConstraints>false</useDomainConstraints>
<use>1</use>
<logicalDatatype>LOGDT018</logicalDatatype>
<ownDataTypeParameters>,,</ownDataTypeParameters>
<previousColumn>false</previousColumn>
<autoIncrementCycle>false</autoIncrementCycle>
<associations>
<colAssociation fkAssociation="6BAE605A-60D3-1F16-853C-D08A51AF1E3D" referredColumn="901D6DA9-E5C0-3E97-6EBC-8B60B893AE1A"/>
</associations>
</Column>
</columns>
<indexes itemClass="oracle.dbtools.crest.model.design.relational.Index">
<ind_PK_UK id="173A45BA-1C66-D236-5441-F766458D476F" name="Customer_PK">
<createdBy>karol</createdBy>
<createdTime>2024-01-11 22:02:54 UTC</createdTime>
<generatorID>1E75FDEB-2520-2345-5670-3B662EE1B7A7</generatorID>
<ownerDesignName>bazadanychwpracy</ownerDesignName>
<pk>true</pk>
<indexState>Primary Constraint</indexState>
<isSurrogateKey>false</isSurrogateKey>
<indexColumnUsage>
<colUsage columnID="DF0B17BB-7E7F-8C61-C091-8BCC1362045C"/>
</indexColumnUsage>
</ind_PK_UK>
<ind_PK_UK id="89C6D2B9-A8E2-9EBB-0638-1266604F9E7C" name="Customer_Email_UN">
<createdBy>karol</createdBy>
<createdTime>2024-01-11 22:02:54 UTC</createdTime>
<generatorID>2043457F-9076-74C2-4557-40BAE76E0DCA</generatorID>
<ownerDesignName>bazadanychwpracy</ownerDesignName>
<indexState>Unique Constraint</indexState>
<isSurrogateKey>false</isSurrogateKey>
<indexColumnUsage>
<colUsage columnID="BF58586A-C087-0EB8-5853-BCD8BF1B9C27"/>
</indexColumnUsage>
</ind_PK_UK>
<ind_PK_UK id="66B76121-D4CB-D2F8-17BB-6D79B986A46A" name="Administrator_FK">
<createdBy>karol</createdBy>
<createdTime>2024-01-11 22:02:54 UTC</createdTime>
<generatorID>4EC98F5F-72C3-F1FE-BAAA-B6E429AC9F29</generatorID>
<ownerDesignName>bazadanychwpracy</ownerDesignName>
<indexState>Foreign Key</indexState>
<isSurrogateKey>false</isSurrogateKey>
<indexColumnUsage>
<colUsage columnID="4A3A277A-BEDE-5D88-30C9-5EA4DD112A7A"/>
</indexColumnUsage>
</ind_PK_UK>
<ind_PK_UK id="F5A95595-92C1-56F7-7368-1F138AA01A9A" name="City_FK">
<createdBy>karol</createdBy>
<createdTime>2024-01-11 22:02:54 UTC</createdTime>
<generatorID>8F6821A3-A655-BEAD-CE6A-3D5FB710D855</generatorID>
<ownerDesignName>bazadanychwpracy</ownerDesignName>
<indexState>Foreign Key</indexState>
<isSurrogateKey>false</isSurrogateKey>
<indexColumnUsage>
<colUsage columnID="F7B4E0C1-8A2E-92A8-3F96-42D05F6A6900"/>
</indexColumnUsage>
</ind_PK_UK>
</indexes>
</Table>