<?xml version = '1.0' encoding = 'UTF-8'?>
<Table class="oracle.dbtools.crest.model.design.relational.Table" directorySegmentName="seg_0" id="9181D9DD-C8CE-6882-E8C4-28E31980ACE0" name="OrderDetail">
<createdBy>karol</createdBy>
<createdTime>2024-01-11 22:02:54 UTC</createdTime>
<generatorID>CF3EFB76-9654-527C-C4E7-4A3362DFD298</generatorID>
<ownerDesignName>bazadanychwpracy</ownerDesignName>
<allowColumnReorder>false</allowColumnReorder>
<existDependencyGenerateInDDl>true</existDependencyGenerateInDDl>
<parsed>true</parsed>
<columns itemClass="oracle.dbtools.crest.model.design.relational.Column">
<Column name="OrderDetailKey" id="AD52035D-B05A-FEB0-9878-6B165FC16824">
<createdBy>karol</createdBy>
<createdTime>2024-01-11 22:02:54 UTC</createdTime>
<generatorID>D1055F6C-9CD6-D75D-73A6-2F8B912CB821</generatorID>
<ownerDesignName>bazadanychwpracy</ownerDesignName>
<useDomainConstraints>false</useDomainConstraints>
<use>1</use>
<logicalDatatype>LOGDT027</logicalDatatype>
<ownDataTypeParameters>,,</ownDataTypeParameters>
<autoIncrementCycle>false</autoIncrementCycle>
</Column>
<Column name="Quantity" id="4D1CB776-B58C-25B4-BBBF-572616AB2F90">
<createdBy>karol</createdBy>
<createdTime>2024-01-11 22:02:54 UTC</createdTime>
<generatorID>DAD8CA19-E881-38DA-A6AC-471282199C3A</generatorID>
<ownerDesignName>bazadanychwpracy</ownerDesignName>
<useDomainConstraints>false</useDomainConstraints>
<use>1</use>
<logicalDatatype>LOGDT019</logicalDatatype>
<dataTypePrecision>3</dataTypePrecision>
<ownDataTypeParameters>,3,</ownDataTypeParameters>
<autoIncrementCycle>false</autoIncrementCycle>
</Column>
<Column name="CatalogPrice" id="FBBB81EC-FC5E-0FBC-69BF-9510F0E25934">
<createdBy>karol</createdBy>
<createdTime>2024-01-11 22:02:54 UTC</createdTime>
<generatorID>89AB82DE-D5CA-A496-395E-FE63771EF9FE</generatorID>
<ownerDesignName>bazadanychwpracy</ownerDesignName>
<useDomainConstraints>false</useDomainConstraints>
<use>1</use>
<logicalDatatype>LOGDT026</logicalDatatype>
<dataTypePrecision>10</dataTypePrecision>
<dataTypeScale>2</dataTypeScale>
<ownDataTypeParameters>,10,2</ownDataTypeParameters>
<autoIncrementCycle>false</autoIncrementCycle>
</Column>
<Column name="DiscountAmount" id="B067598D-761A-B688-D154-A72F2A72DFD4">
<createdBy>karol</createdBy>
<createdTime>2024-01-11 22:02:54 UTC</createdTime>
<generatorID>119B58B9-4980-8215-B5CA-AF937DBDFC34</generatorID>
<ownerDesignName>bazadanychwpracy</ownerDesignName>
<nullsAllowed>true</nullsAllowed>
<useDomainConstraints>false</useDomainConstraints>
<use>1</use>
<logicalDatatype>LOGDT026</logicalDatatype>
<dataTypePrecision>10</dataTypePrecision>
<dataTypeScale>2</dataTypeScale>
<ownDataTypeParameters>,10,2</ownDataTypeParameters>
<autoIncrementCycle>false</autoIncrementCycle>
</Column>
<Column name="DiscountPercentage" id="3D11DEF3-0C68-AF0A-2EB7-D6E490242B54">
<createdBy>karol</createdBy>
<createdTime>2024-01-11 22:02:54 UTC</createdTime>
<generatorID>6833FB6C-E472-A491-453C-5733B99006DD</generatorID>
<ownerDesignName>bazadanychwpracy</ownerDesignName>
<nullsAllowed>true</nullsAllowed>
<useDomainConstraints>false</useDomainConstraints>
<use>1</use>
<logicalDatatype>LOGDT026</logicalDatatype>
<dataTypePrecision>2</dataTypePrecision>
<dataTypeScale>2</dataTypeScale>
<ownDataTypeParameters>,2,2</ownDataTypeParameters>
<autoIncrementCycle>false</autoIncrementCycle>
</Column>
<Column name="TransactionPrice" id="298B022A-0052-9C22-F275-7838A03A2542">
<createdBy>karol</createdBy>
<createdTime>2024-01-11 22:02:54 UTC</createdTime>
<generatorID>87F1DC0E-9B74-7DA9-8C60-3159FEFD84DF</generatorID>
<ownerDesignName>bazadanychwpracy</ownerDesignName>
<useDomainConstraints>false</useDomainConstraints>
<use>1</use>
<logicalDatatype>LOGDT026</logicalDatatype>
<dataTypePrecision>10</dataTypePrecision>
<dataTypeScale>2</dataTypeScale>
<ownDataTypeParameters>,10,2</ownDataTypeParameters>
<autoIncrementCycle>false</autoIncrementCycle>
</Column>
<Column name="RefundKey" id="BA9E6332-E9A2-2FBC-276E-D2F8576251ED">
<createdBy>karol</createdBy>
<createdTime>2024-01-11 22:02:54 UTC</createdTime>
<generatorID>5DAAB3D7-4EFC-EC1A-66C8-B5DE62F34298</generatorID>
<ownerDesignName>bazadanychwpracy</ownerDesignName>
<nullsAllowed>true</nullsAllowed>
<useDomainConstraints>false</useDomainConstraints>
<use>1</use>
<logicalDatatype>LOGDT011</logicalDatatype>
<ownDataTypeParameters>,,</ownDataTypeParameters>
<previousColumn>false</previousColumn>
<autoIncrementCycle>false</autoIncrementCycle>
<associations>
<colAssociation fkAssociation="4B7E5EF4-66CB-FBB3-5823-B1EBC9629E43" referredColumn="6A455E43-56CF-05F9-880F-A8169ADD01B7"/>
</associations>
</Column>
<Column name="OrderKey" id="D9022364-5C02-7BB0-7A54-2AC87DD62561">
<createdBy>karol</createdBy>
<createdTime>2024-01-11 22:02:54 UTC</createdTime>
<generatorID>681C235A-A20F-5C16-0AF9-DF53B5BE39B0</generatorID>
<ownerDesignName>bazadanychwpracy</ownerDesignName>
<useDomainConstraints>false</useDomainConstraints>
<use>1</use>
<logicalDatatype>LOGDT027</logicalDatatype>
<ownDataTypeParameters>,,</ownDataTypeParameters>
<previousColumn>false</previousColumn>
<autoIncrementCycle>false</autoIncrementCycle>
<associations>
<colAssociation fkAssociation="CF479321-8F73-1FEA-F727-F560891954CD" referredColumn="89B930FA-5934-91EE-B66D-FEBB92CF1FA2"/>
</associations>
</Column>
</columns>
<indexes itemClass="oracle.dbtools.crest.model.design.relational.Index">
<ind_PK_UK id="E5AB56C4-6B2E-949A-1A1D-1A344DB052B2" name="OrderDetail_PK">
<createdBy>karol</createdBy>
<createdTime>2024-01-11 22:02:54 UTC</createdTime>
<generatorID>CB73158F-8109-FCCF-29DA-80BDDD08E1B0</generatorID>
<ownerDesignName>bazadanychwpracy</ownerDesignName>
<pk>true</pk>
<indexState>Primary Constraint</indexState>
<isSurrogateKey>false</isSurrogateKey>
<indexColumnUsage>
<colUsage columnID="AD52035D-B05A-FEB0-9878-6B165FC16824"/>
<colUsage columnID="D9022364-5C02-7BB0-7A54-2AC87DD62561"/>
</indexColumnUsage>
</ind_PK_UK>
<ind_PK_UK id="2797DC6B-85E7-5911-9D25-BB17ABBA2049" name="OrderHeader_FK">
<createdBy>karol</createdBy>
<createdTime>2024-01-11 22:02:54 UTC</createdTime>
<generatorID>71AADB6C-152A-9201-60A2-4BCA266D97CE</generatorID>
<ownerDesignName>bazadanychwpracy</ownerDesignName>
<indexState>Foreign Key</indexState>
<isSurrogateKey>false</isSurrogateKey>
<indexColumnUsage>
<colUsage columnID="D9022364-5C02-7BB0-7A54-2AC87DD62561"/>
</indexColumnUsage>
</ind_PK_UK>
<ind_PK_UK id="F957A762-CBFC-88DC-EBFE-C6782BF62F9E" name="Refund_FK">
<createdBy>karol</createdBy>
<createdTime>2024-01-11 22:02:54 UTC</createdTime>
<generatorID>B3542F0F-1506-B348-21C4-664D1A0FF706</generatorID>
<ownerDesignName>bazadanychwpracy</ownerDesignName>
<indexState>Foreign Key</indexState>
<isSurrogateKey>false</isSurrogateKey>
<indexColumnUsage>
<colUsage columnID="BA9E6332-E9A2-2FBC-276E-D2F8576251ED"/>
</indexColumnUsage>
</ind_PK_UK>
</indexes>
</Table>