<?xml version = '1.0' encoding = 'UTF-8'?>
<Table class="oracle.dbtools.crest.model.design.relational.Table" directorySegmentName="seg_0" id="E1CCE891-BC70-3D93-A286-0F73E924015F" name="SaleReport">
<createdBy>karol</createdBy>
<createdTime>2024-01-11 22:02:54 UTC</createdTime>
<generatorID>546CF247-3153-1E18-2CC0-5E0241C05B3C</generatorID>
<ownerDesignName>bazadanychwpracy</ownerDesignName>
<allowColumnReorder>false</allowColumnReorder>
<existDependencyGenerateInDDl>true</existDependencyGenerateInDDl>
<parsed>true</parsed>
<columns itemClass="oracle.dbtools.crest.model.design.relational.Column">
<Column name="SaleReportKey" id="A6F92161-AF57-4F16-B5CD-EFEF23506296">
<createdBy>karol</createdBy>
<createdTime>2024-01-11 22:02:54 UTC</createdTime>
<generatorID>29D7D732-A967-9765-33FB-83EA3BA0248E</generatorID>
<ownerDesignName>bazadanychwpracy</ownerDesignName>
<useDomainConstraints>false</useDomainConstraints>
<use>1</use>
<logicalDatatype>LOGDT027</logicalDatatype>
<ownDataTypeParameters>,,</ownDataTypeParameters>
<autoIncrementCycle>false</autoIncrementCycle>
</Column>
<Column name="Title" id="D902A7D9-022A-B421-3E47-5EEE3CB03EB5">
<createdBy>karol</createdBy>
<createdTime>2024-01-11 22:02:54 UTC</createdTime>
<generatorID>4BBF0FCB-7868-01D8-B6A8-85FF63DCA06B</generatorID>
<ownerDesignName>bazadanychwpracy</ownerDesignName>
<useDomainConstraints>false</useDomainConstraints>
<use>1</use>
<logicalDatatype>LOGDT024</logicalDatatype>
<dataTypeSize>50</dataTypeSize>
<ownDataTypeParameters>50,,</ownDataTypeParameters>
<autoIncrementCycle>false</autoIncrementCycle>
</Column>
<Column name="Date" id="5D5A9D21-F891-EFF5-93F7-E58B469B7ACE">
<createdBy>karol</createdBy>
<createdTime>2024-01-11 22:02:54 UTC</createdTime>
<generatorID>80EABB90-E560-439E-5CFA-CE76B936EECD</generatorID>
<ownerDesignName>bazadanychwpracy</ownerDesignName>
<useDomainConstraints>false</useDomainConstraints>
<use>1</use>
<logicalDatatype>LOGDT007</logicalDatatype>
<ownDataTypeParameters>,,</ownDataTypeParameters>
<autoIncrementCycle>false</autoIncrementCycle>
</Column>
<Column name="SalesPointKey" id="29CE0E63-07D2-BD64-86C5-ACD2C9AFD216">
<createdBy>karol</createdBy>
<createdTime>2024-01-11 22:02:54 UTC</createdTime>
<generatorID>7E2A9CA2-114A-4F1A-C704-2F557EE1735D</generatorID>
<ownerDesignName>bazadanychwpracy</ownerDesignName>
<useDomainConstraints>false</useDomainConstraints>
<use>1</use>
<logicalDatatype>LOGDT011</logicalDatatype>
<ownDataTypeParameters>,,</ownDataTypeParameters>
<previousColumn>false</previousColumn>
<autoIncrementCycle>false</autoIncrementCycle>
<associations>
<colAssociation fkAssociation="BC2AC48A-F02B-A4A3-F1C5-F6A2F234D4B9" referredColumn="0CDED192-2665-B9EA-CA2D-2724B4F783F9"/>
</associations>
</Column>
</columns>
<indexes itemClass="oracle.dbtools.crest.model.design.relational.Index">
<ind_PK_UK id="B72AA7C8-4B6D-16D8-A82A-89A4793AD76C" name="SaleReport_PK">
<createdBy>karol</createdBy>
<createdTime>2024-01-11 22:02:54 UTC</createdTime>
<generatorID>74B2EF37-C002-1CCE-C51F-38CDEC88FE49</generatorID>
<ownerDesignName>bazadanychwpracy</ownerDesignName>
<pk>true</pk>
<indexState>Primary Constraint</indexState>
<isSurrogateKey>false</isSurrogateKey>
<indexColumnUsage>
<colUsage columnID="A6F92161-AF57-4F16-B5CD-EFEF23506296"/>
</indexColumnUsage>
</ind_PK_UK>
<ind_PK_UK id="CBD1459D-D4A7-7B66-943A-C65F82AAD278" name="SalesPoint_FKv4">
<createdBy>karol</createdBy>
<createdTime>2024-01-11 22:02:54 UTC</createdTime>
<generatorID>BE0D5AFE-18B4-4BAC-68B0-DADB45BA213D</generatorID>
<ownerDesignName>bazadanychwpracy</ownerDesignName>
<indexState>Foreign Key</indexState>
<isSurrogateKey>false</isSurrogateKey>
<indexColumnUsage>
<colUsage columnID="29CE0E63-07D2-BD64-86C5-ACD2C9AFD216"/>
</indexColumnUsage>
</ind_PK_UK>
</indexes>
</Table>