<?xml version = '1.0' encoding = 'UTF-8'?>
<Relation class="oracle.dbtools.crest.model.design.logical.Relation" name="Question Product FK" directorySegmentName="seg_0" id="1761565A-7BB6-3BF8-FCA9-8665558F0F0A">
<createdBy>student</createdBy>
<createdTime>2023-10-17 08:11:39 UTC</createdTime>
<ownerDesignName>bazadanychwpracy</ownerDesignName>
<engineerTo>
<item key="72ECD68E-9CE2-3191-9793-CB255E6A3098" value="true"/>
</engineerTo>
<sourcePk>A039BC68-F5DC-2784-01D8-FF411DA2A9A2</sourcePk>
<identifying>false</identifying>
<optionalSource>true</optionalSource>
<optionalTarget>false</optionalTarget>
<sourceCardinality>1</sourceCardinality>
<sourceEntity>DFC9FCB9-BB16-5962-5A40-8765354D1A0D</sourceEntity>
<targetCardinalityString>*</targetCardinalityString>
<targetEntity>067F5BA3-FD4D-AA73-C950-F466C4621D9F</targetEntity>
<transferable>true</transferable>
<deleteRule>NO ACTION</deleteRule>
</Relation>