<?xml version = '1.0' encoding = 'UTF-8'?>
<Relation class="oracle.dbtools.crest.model.design.logical.Relation" name="Customer Administrator FK" directorySegmentName="seg_0" id="4EC98F5F-72C3-F1FE-BAAA-B6E429AC9F29">
<createdBy>student</createdBy>
<createdTime>2023-10-17 08:28:33 UTC</createdTime>
<ownerDesignName>bazadanychwpracy</ownerDesignName>
<engineerTo>
<item key="72ECD68E-9CE2-3191-9793-CB255E6A3098" value="true"/>
</engineerTo>
<sourcePk>B45EC1F2-1DCF-0671-EF09-92D4EBEE0FED</sourcePk>
<identifying>false</identifying>
<optionalSource>true</optionalSource>
<optionalTarget>false</optionalTarget>
<sourceCardinality>1</sourceCardinality>
<sourceEntity>664056F9-0703-B66E-9669-F4D820CA467C</sourceEntity>
<targetCardinalityString>*</targetCardinalityString>
<targetEntity>6252285C-DFCD-F055-129D-7B8FEBD970E2</targetEntity>
<transferable>true</transferable>
<deleteRule>NO ACTION</deleteRule>
</Relation>