<?xml version = '1.0' encoding = 'UTF-8'?>
<Relation class="oracle.dbtools.crest.model.design.logical.Relation" name="City Country FK" directorySegmentName="seg_0" id="781CFAF6-5A3D-5C06-FFE8-C0E67D2BA349">
<createdBy>student</createdBy>
<createdTime>2023-10-17 07:58:07 UTC</createdTime>
<ownerDesignName>bazadanychwpracy</ownerDesignName>
<engineerTo>
<item key="72ECD68E-9CE2-3191-9793-CB255E6A3098" value="true"/>
</engineerTo>
<sourcePk>D9662E9C-C03E-D782-139F-07ADDA181729</sourcePk>
<identifying>false</identifying>
<optionalSource>true</optionalSource>
<optionalTarget>false</optionalTarget>
<sourceCardinality>1</sourceCardinality>
<sourceEntity>E919A297-E7BF-3DFF-4385-556FE05A72DE</sourceEntity>
<targetCardinalityString>*</targetCardinalityString>
<targetEntity>4F4230F6-9DB6-C505-227A-37058F17F4BB</targetEntity>
<transferable>true</transferable>
<deleteRule>NO ACTION</deleteRule>
</Relation>