<?xml version = '1.0' encoding = 'UTF-8'?>
<Relation class="oracle.dbtools.crest.model.design.logical.Relation" name="Product SalesPoint FK" directorySegmentName="seg_0" id="9E393839-8679-7481-6C88-F31E19E4FFDA">
<createdBy>student</createdBy>
<createdTime>2023-10-17 08:19:05 UTC</createdTime>
<ownerDesignName>bazadanychwpracy</ownerDesignName>
<engineerTo>
<item key="72ECD68E-9CE2-3191-9793-CB255E6A3098" value="true"/>
</engineerTo>
<sourcePk>C9BFD47C-BAB2-930F-922E-CADA656DD9F0</sourcePk>
<identifying>false</identifying>
<optionalSource>true</optionalSource>
<optionalTarget>false</optionalTarget>
<sourceCardinality>1</sourceCardinality>
<sourceEntity>B05BA131-0D93-D612-9F86-661754A77AA7</sourceEntity>
<targetCardinalityString>*</targetCardinalityString>
<targetEntity>DFC9FCB9-BB16-5962-5A40-8765354D1A0D</targetEntity>
<transferable>true</transferable>
<deleteRule>NO ACTION</deleteRule>
</Relation>