<?xml version = '1.0' encoding = 'UTF-8'?>
<Relation class="oracle.dbtools.crest.model.design.logical.Relation" name="OrderDetail Refund FK" directorySegmentName="seg_0" id="B3542F0F-1506-B348-21C4-664D1A0FF706">
<createdBy>student</createdBy>
<createdTime>2023-10-24 08:23:10 UTC</createdTime>
<ownerDesignName>bazadanychwpracy</ownerDesignName>
<engineerTo>
<item key="72ECD68E-9CE2-3191-9793-CB255E6A3098" value="true"/>
</engineerTo>
<sourcePk>59FAEBD3-0CC8-C540-8BE3-45E463762B10</sourcePk>
<targetPk>CB73158F-8109-FCCF-29DA-80BDDD08E1B0</targetPk>
<identifying>false</identifying>
<optionalSource>true</optionalSource>
<optionalTarget>true</optionalTarget>
<sourceCardinality>1</sourceCardinality>
<sourceEntity>9B09820E-BE69-ED7F-7BEE-B726E690F9BD</sourceEntity>
<targetCardinalityString>1</targetCardinalityString>
<targetEntity>CF3EFB76-9654-527C-C4E7-4A3362DFD298</targetEntity>
<transferable>true</transferable>
<deleteRule>NO ACTION</deleteRule>
</Relation>