<?xml version = '1.0' encoding = 'UTF-8'?>
<Relation class="oracle.dbtools.crest.model.design.logical.Relation" name="SaleReport SalesPoint FK" directorySegmentName="seg_0" id="BE0D5AFE-18B4-4BAC-68B0-DADB45BA213D">
<createdBy>student</createdBy>
<createdTime>2023-10-17 08:38:29 UTC</createdTime>
<ownerDesignName>bazadanychwpracy</ownerDesignName>
<engineerTo>
<item key="72ECD68E-9CE2-3191-9793-CB255E6A3098" value="true"/>
</engineerTo>
<sourcePk>C9BFD47C-BAB2-930F-922E-CADA656DD9F0</sourcePk>
<identifying>false</identifying>
<optionalSource>false</optionalSource>
<optionalTarget>false</optionalTarget>
<sourceCardinality>1</sourceCardinality>
<sourceEntity>B05BA131-0D93-D612-9F86-661754A77AA7</sourceEntity>
<targetCardinalityString>*</targetCardinalityString>
<targetEntity>546CF247-3153-1E18-2CC0-5E0241C05B3C</targetEntity>
<transferable>true</transferable>
<deleteRule>NO ACTION</deleteRule>
</Relation>