<?xml version = '1.0' encoding = 'UTF-8'?>
<Relation class="oracle.dbtools.crest.model.design.logical.Relation" name="SalesPoint Administrator FK" directorySegmentName="seg_0" id="C53587E4-45D0-9B49-6DE3-0339BA93D7F7">
<createdBy>student</createdBy>
<createdTime>2023-10-17 08:21:03 UTC</createdTime>
<ownerDesignName>bazadanychwpracy</ownerDesignName>
<engineerTo>
<item key="72ECD68E-9CE2-3191-9793-CB255E6A3098" value="true"/>
</engineerTo>
<sourcePk>B45EC1F2-1DCF-0671-EF09-92D4EBEE0FED</sourcePk>
<identifying>false</identifying>
<optionalSource>false</optionalSource>
<optionalTarget>false</optionalTarget>
<sourceCardinality>1</sourceCardinality>
<sourceEntity>664056F9-0703-B66E-9669-F4D820CA467C</sourceEntity>
<targetCardinalityString>*</targetCardinalityString>
<targetEntity>B05BA131-0D93-D612-9F86-661754A77AA7</targetEntity>
<transferable>true</transferable>
<deleteRule>NO ACTION</deleteRule>
</Relation>