<?xml version = '1.0' encoding = 'UTF-8'?>
<Relation class="oracle.dbtools.crest.model.design.logical.Relation" name="Answear SalesPoint FK" directorySegmentName="seg_0" id="CB6E29C1-8D64-3FDE-417A-0EA7D6E503F1">
<createdBy>student</createdBy>
<createdTime>2023-10-17 08:31:28 UTC</createdTime>
<ownerDesignName>bazadanychwpracy</ownerDesignName>
<engineerTo>
<item key="72ECD68E-9CE2-3191-9793-CB255E6A3098" value="true"/>
</engineerTo>
<sourcePk>C9BFD47C-BAB2-930F-922E-CADA656DD9F0</sourcePk>
<identifying>false</identifying>
<optionalSource>true</optionalSource>
<optionalTarget>true</optionalTarget>
<sourceCardinality>1</sourceCardinality>
<sourceEntity>B05BA131-0D93-D612-9F86-661754A77AA7</sourceEntity>
<targetCardinalityString>*</targetCardinalityString>
<targetEntity>A787A436-9C60-F1F6-86AD-FF468F67E100</targetEntity>
<transferable>true</transferable>
<deleteRule>NO ACTION</deleteRule>
</Relation>