<?xml version = '1.0' encoding = 'UTF-8'?>
<FKIndexAssociation class="oracle.dbtools.crest.model.design.relational.FKIndexAssociation" directorySegmentName="seg_0" id="07CCB67D-4674-B61D-B47F-2A437CCACDE7" containerWithKeyObject="69D131C5-24D3-A536-63DF-1E31A1353443" localFKIndex="8AE4E8BB-7501-97C6-EE90-05F11759E73A" name="Product_FKv1">
<createdBy>karol</createdBy>
<createdTime>2024-01-11 22:02:54 UTC</createdTime>
<generatorID>0FB7DCEF-2710-0501-54C8-093B9CED694F</generatorID>
<ownerDesignName>bazadanychwpracy</ownerDesignName>
<referredTableLongName>Product</referredTableLongName>
<deleteRule>NO ACTION</deleteRule>
<referredTableID>DEBF7DE4-15C2-0FBB-46D9-94700A591C21</referredTableID>
<keyObject>7A7DDE9C-6F7C-6D3A-E7BF-B3AD0B7957F2</keyObject>
<referredKeyID>7A7DDE9C-6F7C-6D3A-E7BF-B3AD0B7957F2</referredKeyID>
<mandatory>true</mandatory>
<refColNames>ProductKey</refColNames>
<transferable>true</transferable>
<rely>false</rely>
<columnDependencyConstraintGenerateInDDL>true</columnDependencyConstraintGenerateInDDL>
</FKIndexAssociation>