<?xml version = '1.0' encoding = 'UTF-8'?>
<FKIndexAssociation class="oracle.dbtools.crest.model.design.relational.FKIndexAssociation" directorySegmentName="seg_0" id="24C1C110-E43A-8C99-E19A-9882D11FD67C" containerWithKeyObject="485ECF9D-D16B-D64B-63F3-09CCE43BD114" localFKIndex="821A5B8E-A29B-3443-12AA-0DA21EC45704" name="SalesPoint_FKv3">
<createdBy>karol</createdBy>
<createdTime>2024-01-11 22:02:54 UTC</createdTime>
<generatorID>EF503C08-E003-3453-489F-1ED5D884E9ED</generatorID>
<ownerDesignName>bazadanychwpracy</ownerDesignName>
<referredTableLongName>SalesPoint</referredTableLongName>
<deleteRule>NO ACTION</deleteRule>
<referredTableID>6F5A9487-D909-7552-63ED-A3DF259BE0F3</referredTableID>
<keyObject>43B0EB32-5543-0DB3-2ACF-BA14DA7A359D</keyObject>
<referredKeyID>43B0EB32-5543-0DB3-2ACF-BA14DA7A359D</referredKeyID>
<mandatory>true</mandatory>
<refColNames>SalesPointKey</refColNames>
<transferable>true</transferable>
<rely>false</rely>
<columnDependencyConstraintGenerateInDDL>true</columnDependencyConstraintGenerateInDDL>
</FKIndexAssociation>