<?xml version = '1.0' encoding = 'UTF-8'?>
<FKIndexAssociation class="oracle.dbtools.crest.model.design.relational.FKIndexAssociation" directorySegmentName="seg_0" id="66C585E5-AD66-CA0E-0E7C-1671ACD5AB13" containerWithKeyObject="8E0555BA-2056-56E5-3471-679BAB047F57" localFKIndex="E1FD2897-1D73-0196-0C7A-D6B67DB04831" name="OrderStatus_FK">
<createdBy>karol</createdBy>
<createdTime>2024-01-11 22:02:54 UTC</createdTime>
<generatorID>7FFD3731-91BE-181E-AA7D-BCD0654C7857</generatorID>
<ownerDesignName>bazadanychwpracy</ownerDesignName>
<referredTableLongName>OrderStatus</referredTableLongName>
<deleteRule>NO ACTION</deleteRule>
<referredTableID>14919033-48E1-EB6E-9A5A-2A3BE4E7DA0F</referredTableID>
<keyObject>0B94262E-6DA7-098F-4A61-3F626AE55008</keyObject>
<referredKeyID>0B94262E-6DA7-098F-4A61-3F626AE55008</referredKeyID>
<mandatory>true</mandatory>
<refColNames>OrderStatusKey</refColNames>
<transferable>true</transferable>
<rely>false</rely>
<columnDependencyConstraintGenerateInDDL>true</columnDependencyConstraintGenerateInDDL>
</FKIndexAssociation>