<?xml version = '1.0' encoding = 'UTF-8'?>
<FKIndexAssociation class="oracle.dbtools.crest.model.design.relational.FKIndexAssociation" directorySegmentName="seg_0" id="6BAE605A-60D3-1F16-853C-D08A51AF1E3D" containerWithKeyObject="873E7DAE-BAD1-7734-6721-FED13E00D1AB" localFKIndex="66B76121-D4CB-D2F8-17BB-6D79B986A46A" name="Administrator_FK">
<createdBy>karol</createdBy>
<createdTime>2024-01-11 22:02:54 UTC</createdTime>
<generatorID>4EC98F5F-72C3-F1FE-BAAA-B6E429AC9F29</generatorID>
<ownerDesignName>bazadanychwpracy</ownerDesignName>
<referredTableLongName>Administrator</referredTableLongName>
<deleteRule>NO ACTION</deleteRule>
<referredTableID>D6339EBD-EADF-3016-6118-4C2A605B3B50</referredTableID>
<keyObject>3CF36C59-595F-B84F-6052-4CADB38025E2</keyObject>
<referredKeyID>3CF36C59-595F-B84F-6052-4CADB38025E2</referredKeyID>
<mandatory>true</mandatory>
<refColNames>AdministratorKey</refColNames>
<transferable>true</transferable>
<rely>false</rely>
<columnDependencyConstraintGenerateInDDL>true</columnDependencyConstraintGenerateInDDL>
</FKIndexAssociation>