<?xml version = '1.0' encoding = 'UTF-8'?>
<FKIndexAssociation class="oracle.dbtools.crest.model.design.relational.FKIndexAssociation" directorySegmentName="seg_0" id="73C2C90A-FE4D-1759-7784-CAA095533349" containerWithKeyObject="DEBF7DE4-15C2-0FBB-46D9-94700A591C21" localFKIndex="FCDE2A22-98D5-7CB7-8BFB-3AEBE0E81CDB" name="ProductSubcategory_FK">
<createdBy>karol</createdBy>
<createdTime>2024-01-11 22:02:54 UTC</createdTime>
<generatorID>66B582F3-D9E0-4220-C711-03BA08E3967D</generatorID>
<ownerDesignName>bazadanychwpracy</ownerDesignName>
<referredTableLongName>ProductSubcategory</referredTableLongName>
<deleteRule>NO ACTION</deleteRule>
<referredTableID>49F604AD-8266-C32F-4D13-C80B1D77EA43</referredTableID>
<keyObject>D2864942-CC43-7A97-A66D-287FACF0732F</keyObject>
<referredKeyID>D2864942-CC43-7A97-A66D-287FACF0732F</referredKeyID>
<mandatory>true</mandatory>
<refColNames>ProductSubcategoryKey</refColNames>
<transferable>true</transferable>
<rely>false</rely>
<columnDependencyConstraintGenerateInDDL>true</columnDependencyConstraintGenerateInDDL>
</FKIndexAssociation>