<?xml version = '1.0' encoding = 'UTF-8'?>
<FKIndexAssociation class="oracle.dbtools.crest.model.design.relational.FKIndexAssociation" directorySegmentName="seg_0" id="B03B1B88-AC0E-5898-CBCF-0D3251FDD4C4" containerWithKeyObject="6F5A9487-D909-7552-63ED-A3DF259BE0F3" localFKIndex="6290D0B8-E1A6-CB94-3D12-3742FCFCE58D" name="City_FKv1">
<createdBy>karol</createdBy>
<createdTime>2024-01-11 22:02:54 UTC</createdTime>
<generatorID>896CEF02-DC84-754C-07CE-D16D76FA0FC1</generatorID>
<ownerDesignName>bazadanychwpracy</ownerDesignName>
<referredTableLongName>City</referredTableLongName>
<deleteRule>NO ACTION</deleteRule>
<referredTableID>7792DDAE-4654-1566-8A73-22DA91135370</referredTableID>
<keyObject>8B7CFF6B-C27C-4DEC-B8A7-BB1F1DA30A30</keyObject>
<referredKeyID>8B7CFF6B-C27C-4DEC-B8A7-BB1F1DA30A30</referredKeyID>
<mandatory>true</mandatory>
<refColNames>CityKey</refColNames>
<transferable>true</transferable>
<rely>false</rely>
<columnDependencyConstraintGenerateInDDL>true</columnDependencyConstraintGenerateInDDL>
</FKIndexAssociation>