<?xml version = '1.0' encoding = 'UTF-8'?>
<FKIndexAssociation class="oracle.dbtools.crest.model.design.relational.FKIndexAssociation" directorySegmentName="seg_0" id="BC2AC48A-F02B-A4A3-F1C5-F6A2F234D4B9" containerWithKeyObject="E1CCE891-BC70-3D93-A286-0F73E924015F" localFKIndex="CBD1459D-D4A7-7B66-943A-C65F82AAD278" name="SalesPoint_FKv4">
<createdBy>karol</createdBy>
<createdTime>2024-01-11 22:02:54 UTC</createdTime>
<generatorID>BE0D5AFE-18B4-4BAC-68B0-DADB45BA213D</generatorID>
<ownerDesignName>bazadanychwpracy</ownerDesignName>
<referredTableLongName>SalesPoint</referredTableLongName>
<deleteRule>NO ACTION</deleteRule>
<referredTableID>6F5A9487-D909-7552-63ED-A3DF259BE0F3</referredTableID>
<keyObject>43B0EB32-5543-0DB3-2ACF-BA14DA7A359D</keyObject>
<referredKeyID>43B0EB32-5543-0DB3-2ACF-BA14DA7A359D</referredKeyID>
<mandatory>true</mandatory>
<refColNames>SalesPointKey</refColNames>
<transferable>true</transferable>
<rely>false</rely>
<columnDependencyConstraintGenerateInDDL>true</columnDependencyConstraintGenerateInDDL>
</FKIndexAssociation>