<?xml version = '1.0' encoding = 'UTF-8'?>
<FKIndexAssociation class="oracle.dbtools.crest.model.design.relational.FKIndexAssociation" directorySegmentName="seg_0" id="CB5B8D1A-56C7-C45B-4785-F36279B73374" containerWithKeyObject="E69EEBAA-E854-4A82-E9BD-6E274FEBD5B4" localFKIndex="683B3F64-811E-C9F4-5534-D46CE9DBE039" name="SalesTerritory_FK">
<createdBy>karol</createdBy>
<createdTime>2024-01-11 22:02:54 UTC</createdTime>
<generatorID>EE1A9B8E-2B1A-C75D-BDFD-BAA74C8F034F</generatorID>
<ownerDesignName>bazadanychwpracy</ownerDesignName>
<referredTableLongName>SalesTerritory</referredTableLongName>
<deleteRule>NO ACTION</deleteRule>
<referredTableID>FFD49302-B9C6-7E93-7731-4EF6880FB09B</referredTableID>
<keyObject>483FFD09-AC52-CDC8-FD3E-65B1CBC8F41C</keyObject>
<referredKeyID>483FFD09-AC52-CDC8-FD3E-65B1CBC8F41C</referredKeyID>
<mandatory>true</mandatory>
<refColNames>SalesTerritoryKey</refColNames>
<transferable>true</transferable>
<rely>false</rely>
<columnDependencyConstraintGenerateInDDL>true</columnDependencyConstraintGenerateInDDL>
</FKIndexAssociation>