<?xml version = '1.0' encoding = 'UTF-8'?>
<FKIndexAssociation class="oracle.dbtools.crest.model.design.relational.FKIndexAssociation" directorySegmentName="seg_0" id="D1158E30-D808-7C27-1A39-1D5BD0A70D6B" containerWithKeyObject="1F605C3F-A770-9CB7-355F-4BE5D093FE42" localFKIndex="3AAAB4B6-2D9F-4F84-772A-F0C3F30870F1" name="Question_FK">
<createdBy>karol</createdBy>
<createdTime>2024-01-11 22:02:54 UTC</createdTime>
<generatorID>5AA258BD-62F2-73E4-87F5-A0AB8091A427</generatorID>
<ownerDesignName>bazadanychwpracy</ownerDesignName>
<referredTableLongName>Question</referredTableLongName>
<deleteRule>NO ACTION</deleteRule>
<referredTableID>086126F8-1A54-20A9-885B-85998425AD13</referredTableID>
<keyObject>17565891-4D7E-7068-EC2D-798DE69A5BFB</keyObject>
<referredKeyID>17565891-4D7E-7068-EC2D-798DE69A5BFB</referredKeyID>
<mandatory>true</mandatory>
<refColNames>QuestionKey</refColNames>
<transferable>true</transferable>
<rely>false</rely>
<columnDependencyConstraintGenerateInDDL>true</columnDependencyConstraintGenerateInDDL>
</FKIndexAssociation>