<?xml version = '1.0' encoding = 'UTF-8'?>
<FKIndexAssociation class="oracle.dbtools.crest.model.design.relational.FKIndexAssociation" directorySegmentName="seg_0" id="E0E30EC2-5014-2D16-DC99-C54EA2E2022A" containerWithKeyObject="7792DDAE-4654-1566-8A73-22DA91135370" localFKIndex="8A6EBE04-A711-1EBB-F78A-4A1B3B47A66D" name="Country_FK">
<createdBy>karol</createdBy>
<createdTime>2024-01-11 22:02:54 UTC</createdTime>
<generatorID>781CFAF6-5A3D-5C06-FFE8-C0E67D2BA349</generatorID>
<ownerDesignName>bazadanychwpracy</ownerDesignName>
<referredTableLongName>Country</referredTableLongName>
<deleteRule>NO ACTION</deleteRule>
<referredTableID>E69EEBAA-E854-4A82-E9BD-6E274FEBD5B4</referredTableID>
<keyObject>8B95CA33-51D6-368C-3C1C-DD602972EA0E</keyObject>
<referredKeyID>8B95CA33-51D6-368C-3C1C-DD602972EA0E</referredKeyID>
<mandatory>true</mandatory>
<refColNames>CountryKey</refColNames>
<transferable>true</transferable>
<rely>false</rely>
<columnDependencyConstraintGenerateInDDL>true</columnDependencyConstraintGenerateInDDL>
</FKIndexAssociation>