<?xml version = '1.0' encoding = 'UTF-8'?>
<FKIndexAssociation class="oracle.dbtools.crest.model.design.relational.FKIndexAssociation" directorySegmentName="seg_0" id="F4E34068-76AE-30A0-DA3D-9E810F809996" containerWithKeyObject="086126F8-1A54-20A9-885B-85998425AD13" localFKIndex="FB44B0CC-6CFC-3A0E-CF35-AC49DF4810E7" name="Customer_FKv1">
<createdBy>karol</createdBy>
<createdTime>2024-01-11 22:02:54 UTC</createdTime>
<generatorID>6D9E4D24-79E2-9A0A-B365-F949CA103D8C</generatorID>
<ownerDesignName>bazadanychwpracy</ownerDesignName>
<referredTableLongName>Customer</referredTableLongName>
<deleteRule>NO ACTION</deleteRule>
<referredTableID>873E7DAE-BAD1-7734-6721-FED13E00D1AB</referredTableID>
<keyObject>173A45BA-1C66-D236-5441-F766458D476F</keyObject>
<referredKeyID>173A45BA-1C66-D236-5441-F766458D476F</referredKeyID>
<mandatory>true</mandatory>
<refColNames>CustomerKey</refColNames>
<transferable>true</transferable>
<rely>false</rely>
<columnDependencyConstraintGenerateInDDL>true</columnDependencyConstraintGenerateInDDL>
</FKIndexAssociation>