<?xml version = '1.0' encoding = 'UTF-8'?>
<FKIndexAssociation class="oracle.dbtools.crest.model.design.relational.FKIndexAssociation" directorySegmentName="seg_0" id="FE84709A-94B9-8C90-30EE-4257E3123EA7" containerWithKeyObject="8E0555BA-2056-56E5-3471-679BAB047F57" localFKIndex="E7107AF7-02C4-BBA5-FC9C-B174DFD0CFEB" name="DeliveryMethod_FK">
<createdBy>karol</createdBy>
<createdTime>2024-01-11 22:02:54 UTC</createdTime>
<generatorID>CD05C3EF-5E20-CDE8-4B36-F099FA1D6F19</generatorID>
<ownerDesignName>bazadanychwpracy</ownerDesignName>
<referredTableLongName>DeliveryMethod</referredTableLongName>
<deleteRule>NO ACTION</deleteRule>
<referredTableID>E0A620F9-C92C-8113-6071-E430A16F129D</referredTableID>
<keyObject>AA2A9640-7AD4-7A77-C616-042F0242870E</keyObject>
<referredKeyID>AA2A9640-7AD4-7A77-C616-042F0242870E</referredKeyID>
<mandatory>true</mandatory>
<refColNames>DeliveryMethodKey</refColNames>
<transferable>true</transferable>
<rely>false</rely>
<columnDependencyConstraintGenerateInDDL>true</columnDependencyConstraintGenerateInDDL>
</FKIndexAssociation>