<?xml version = '1.0' encoding = 'UTF-8'?>
<FKIndexAssociation class="oracle.dbtools.crest.model.design.relational.FKIndexAssociation" directorySegmentName="seg_0" id="019EB7E0-8783-D10E-D660-FA0D115E5A14" containerWithKeyObject="AD67A86E-3260-0DFD-AF51-42DF1EB06B21" localFKIndex="89176104-396E-C795-47A1-38040C8A313D" name="OrderHeader_Country_FK">
<createdBy>karol</createdBy>
<createdTime>2024-01-16 09:16:35 UTC</createdTime>
<generatorID>9A8C0850-686B-98DD-312D-AAE21A4BAF81</generatorID>
<ownerDesignName>bazadanychwpracy</ownerDesignName>
<referredTableLongName>Country</referredTableLongName>
<deleteRule>NO ACTION</deleteRule>
<referredTableID>083DA15A-E014-EC9E-1BE1-6F6459988801</referredTableID>
<keyObject>6AB35737-7C33-8D22-D37A-8EABBCC2BE00</keyObject>
<referredKeyID>6AB35737-7C33-8D22-D37A-8EABBCC2BE00</referredKeyID>
<mandatory>true</mandatory>
<refColNames>CountryKey</refColNames>
<transferable>true</transferable>
<rely>false</rely>
<columnDependencyConstraintGenerateInDDL>true</columnDependencyConstraintGenerateInDDL>
</FKIndexAssociation>