<?xml version = '1.0' encoding = 'UTF-8'?>
<FKIndexAssociation class="oracle.dbtools.crest.model.design.relational.FKIndexAssociation" directorySegmentName="seg_0" id="98635753-DC0F-63A1-1C7F-D818DA78D293" containerWithKeyObject="42660179-BB7D-1C3D-9788-7120B7554607" localFKIndex="7D9590E8-496A-72A5-9E28-E9E00EED8848" name="Customer_City_FK">
<createdBy>karol</createdBy>
<createdTime>2024-01-16 09:16:35 UTC</createdTime>
<generatorID>8F6821A3-A655-BEAD-CE6A-3D5FB710D855</generatorID>
<ownerDesignName>bazadanychwpracy</ownerDesignName>
<referredTableLongName>City</referredTableLongName>
<deleteRule>NO ACTION</deleteRule>
<referredTableID>08E0C0EA-2CD9-68D5-279A-3ADE3FA40531</referredTableID>
<keyObject>4B0C1BB8-7A40-03B2-BAAF-203A631D0AA6</keyObject>
<referredKeyID>4B0C1BB8-7A40-03B2-BAAF-203A631D0AA6</referredKeyID>
<mandatory>false</mandatory>
<refColNames>CityKey</refColNames>
<transferable>true</transferable>
<rely>false</rely>
<columnDependencyConstraintGenerateInDDL>true</columnDependencyConstraintGenerateInDDL>
</FKIndexAssociation>