<?xml version = '1.0' encoding = 'UTF-8'?>
<FKIndexAssociation class="oracle.dbtools.crest.model.design.relational.FKIndexAssociation" directorySegmentName="seg_0" id="0678B1A2-3942-4CCE-1796-D09532BFB365" containerWithKeyObject="AD67A86E-3260-0DFD-AF51-42DF1EB06B21" localFKIndex="9986A62B-2003-E663-5635-9DE1B4B58242" name="SalesPoint_FKv4">
<createdBy>karol</createdBy>
<createdTime>2024-01-16 09:16:35 UTC</createdTime>
<generatorID>D93CACB4-A2AA-E69E-57D5-B1D4792B6C1B</generatorID>
<ownerDesignName>bazka</ownerDesignName>
<referredTableLongName>SalesPoint</referredTableLongName>
<deleteRule>NO ACTION</deleteRule>
<referredTableID>44249E44-D7BC-B33B-01B4-9C23B180C2E6</referredTableID>
<keyObject>8874AFB5-AC0B-A0EB-1D14-376C53902C56</keyObject>
<referredKeyID>8874AFB5-AC0B-A0EB-1D14-376C53902C56</referredKeyID>
<mandatory>false</mandatory>
<refColNames>SalesPointKey</refColNames>
<transferable>true</transferable>
<rely>false</rely>
<columnDependencyConstraintGenerateInDDL>true</columnDependencyConstraintGenerateInDDL>
</FKIndexAssociation>