<?xml version = '1.0' encoding = 'UTF-8'?>
<FKIndexAssociation class="oracle.dbtools.crest.model.design.relational.FKIndexAssociation" directorySegmentName="seg_0" id="36169B59-5449-841B-F1A4-0BE8B0CFCF33" containerWithKeyObject="17CB3B62-05AB-F143-3C89-AACC509C814B" localFKIndex="79438A4D-FED3-3383-18E9-CE1AD04C0379" name="OrderHeader_FK">
<createdBy>karol</createdBy>
<createdTime>2024-01-16 09:16:35 UTC</createdTime>
<generatorID>71AADB6C-152A-9201-60A2-4BCA266D97CE</generatorID>
<ownerDesignName>bazka</ownerDesignName>
<referredTableLongName>OrderHeader</referredTableLongName>
<deleteRule>NO ACTION</deleteRule>
<referredTableID>AD67A86E-3260-0DFD-AF51-42DF1EB06B21</referredTableID>
<keyObject>2A99BB09-5F24-9ECB-1EE4-ABEC95E92660</keyObject>
<referredKeyID>2A99BB09-5F24-9ECB-1EE4-ABEC95E92660</referredKeyID>
<mandatory>true</mandatory>
<refColNames>OrderKey</refColNames>
<transferable>true</transferable>
<rely>false</rely>
<columnDependencyConstraintGenerateInDDL>true</columnDependencyConstraintGenerateInDDL>
</FKIndexAssociation>