<?xml version = '1.0' encoding = 'UTF-8'?>
<FKIndexAssociation class="oracle.dbtools.crest.model.design.relational.FKIndexAssociation" directorySegmentName="seg_0" id="49392E97-42CA-4ED9-67F5-0A2D386EF12F" containerWithKeyObject="AD67A86E-3260-0DFD-AF51-42DF1EB06B21" localFKIndex="5CC905F2-45A2-4BA1-4298-897E621DF5F7" name="OrderStatus_FK">
<createdBy>karol</createdBy>
<createdTime>2024-01-16 09:16:35 UTC</createdTime>
<generatorID>7FFD3731-91BE-181E-AA7D-BCD0654C7857</generatorID>
<ownerDesignName>bazka</ownerDesignName>
<referredTableLongName>OrderStatus</referredTableLongName>
<deleteRule>NO ACTION</deleteRule>
<referredTableID>13D1A63B-20F0-1A91-981A-4ED36E5E2553</referredTableID>
<keyObject>853FE8BE-AAF7-2912-8144-54F31E90C5EA</keyObject>
<referredKeyID>853FE8BE-AAF7-2912-8144-54F31E90C5EA</referredKeyID>
<mandatory>true</mandatory>
<refColNames>OrderStatusKey</refColNames>
<transferable>true</transferable>
<rely>false</rely>
<columnDependencyConstraintGenerateInDDL>true</columnDependencyConstraintGenerateInDDL>
</FKIndexAssociation>