<?xml version = '1.0' encoding = 'UTF-8'?>
<FKIndexAssociation class="oracle.dbtools.crest.model.design.relational.FKIndexAssociation" directorySegmentName="seg_0" id="8E735252-E8B4-2585-B6B0-D070FF1D3546" containerWithKeyObject="083DA15A-E014-EC9E-1BE1-6F6459988801" localFKIndex="4E6D086B-54C7-7B43-6A12-B216C0933C4F" name="SalesTerritory_FK">
<createdBy>karol</createdBy>
<createdTime>2024-01-16 09:16:35 UTC</createdTime>
<generatorID>EE1A9B8E-2B1A-C75D-BDFD-BAA74C8F034F</generatorID>
<ownerDesignName>bazka</ownerDesignName>
<referredTableLongName>SalesTerritory</referredTableLongName>
<deleteRule>NO ACTION</deleteRule>
<referredTableID>D76730EC-918B-141F-0D1E-148086351615</referredTableID>
<keyObject>E4B879A5-3C35-26BC-8331-E532796C6C24</keyObject>
<referredKeyID>E4B879A5-3C35-26BC-8331-E532796C6C24</referredKeyID>
<mandatory>true</mandatory>
<refColNames>SalesTerritoryKey</refColNames>
<transferable>true</transferable>
<rely>false</rely>
<columnDependencyConstraintGenerateInDDL>true</columnDependencyConstraintGenerateInDDL>
</FKIndexAssociation>