<?xml version = '1.0' encoding = 'UTF-8'?>
<Diagram class="oracle.dbtools.crest.swingui.relational.DPVRelational" name="Relational_3" id="A1EE1135-493E-520B-1477-A360A021E3C3">
<createdBy>karol</createdBy>
<modifiedBy>karol</modifiedBy>
<createdTime>2024-01-16 09:16:21 UTC</createdTime>
<autoRoute>false</autoRoute>
<boxInbox>true</boxInbox>
<showLegend>false</showLegend>
<showLabels>false</showLabels>
<showRelAttributes>false</showRelAttributes>
<gridEnabled>false</gridEnabled>
<showGrid>false</showGrid>
<diagramColor>-1</diagramColor>
<display>false</display>
<notation>1</notation>
<objectViews>
<OView class="oracle.dbtools.crest.swingui.relational.TVTable" oid="083DA15A-E014-EC9E-1BE1-6F6459988801" otype="Table" vid="9842EF66-3AA9-C32E-5D39-BC15734FDDA9">
<hideElementsInCurrentOnly>false</hideElementsInCurrentOnly>
<bounds x="819" y="21" width="333" height="157"/>
</OView>
<OView class="oracle.dbtools.crest.swingui.relational.TVTable" oid="08E0C0EA-2CD9-68D5-279A-3ADE3FA40531" otype="Table" vid="A268AF2E-D9A8-E618-4042-DB11E2F071DA">
<hideElementsInCurrentOnly>false</hideElementsInCurrentOnly>
<bounds x="503" y="27" width="257" height="143"/>
</OView>
<OView class="oracle.dbtools.crest.swingui.relational.TVTable" oid="0AAB7012-9F35-A789-C273-DFB4A547E77D" otype="Table" vid="851ECCED-E8D9-6520-7927-138676915DE4">
<hideElementsInCurrentOnly>false</hideElementsInCurrentOnly>
<bounds x="370" y="749" width="170" height="110"/>
</OView>
<OView class="oracle.dbtools.crest.swingui.relational.TVTable" oid="13D1A63B-20F0-1A91-981A-4ED36E5E2553" otype="Table" vid="DD2D8B1E-A632-0C8A-E2E9-F1844F4CDCF2">
<hideElementsInCurrentOnly>false</hideElementsInCurrentOnly>
<bounds x="1382" y="185" width="273" height="96"/>
</OView>
<OView class="oracle.dbtools.crest.swingui.relational.TVTable" oid="17CB3B62-05AB-F143-3C89-AACC509C814B" otype="Table" vid="ADD3DDA7-8BE5-F783-D8C6-009F05AE24C9">
<hideElementsInCurrentOnly>false</hideElementsInCurrentOnly>
<bounds x="385" y="458" width="307" height="244"/>
</OView>
<OView class="oracle.dbtools.crest.swingui.relational.TVTable" oid="2EF3BB1F-9468-9AD1-FFDB-68B7C10BEFA7" otype="Table" vid="E6D8FC65-B6FB-D870-91C7-CB3A82F158A9">
<hideElementsInCurrentOnly>false</hideElementsInCurrentOnly>
<bounds x="493" y="236" width="268" height="140"/>
</OView>
<OView class="oracle.dbtools.crest.swingui.relational.TVTable" oid="42660179-BB7D-1C3D-9788-7120B7554607" otype="Table" vid="F957259C-DD55-71C5-D821-CE972DA93753">
<hideElementsInCurrentOnly>false</hideElementsInCurrentOnly>
<bounds x="22" y="17" width="316" height="277"/>
</OView>
<OView class="oracle.dbtools.crest.swingui.relational.TVTable" oid="43E2CF13-4E82-A430-CECB-3F5C66D325F8" otype="Table" vid="2126940C-D6DE-38EC-38D4-457FAD7ACDCC">
<hideElementsInCurrentOnly>false</hideElementsInCurrentOnly>
<bounds x="1276" y="737" width="299" height="137"/>
</OView>
<OView class="oracle.dbtools.crest.swingui.relational.TVTable" oid="44249E44-D7BC-B33B-01B4-9C23B180C2E6" otype="Table" vid="6F7C330E-FCCE-3217-4197-532019536363">
<hideElementsInCurrentOnly>false</hideElementsInCurrentOnly>
<bounds x="792" y="577" width="364" height="215"/>
</OView>
<OView class="oracle.dbtools.crest.swingui.relational.TVTable" oid="4749E6C3-7310-D3FC-7E5A-0EFA9C1F045F" otype="Table" vid="F7D8BF2A-F4BE-5BD9-95DF-0447EB62DA84">
<hideElementsInCurrentOnly>false</hideElementsInCurrentOnly>
<bounds x="710" y="854" width="422" height="126"/>
</OView>
<OView class="oracle.dbtools.crest.swingui.relational.TVTable" oid="520A7B57-B65B-398A-E3F1-770C9A980376" otype="Table" vid="A80C29DE-1060-ED34-6EE4-31F9B61FBB13">
<hideElementsInCurrentOnly>false</hideElementsInCurrentOnly>
<bounds x="258" y="883" width="327" height="140"/>
</OView>
<OView class="oracle.dbtools.crest.swingui.relational.TVTable" oid="97D4172C-518D-CA09-6495-2B929FD3BDC6" otype="Table" vid="713F20DD-9155-5CE6-1730-95EF6552DEBB">
<hideElementsInCurrentOnly>false</hideElementsInCurrentOnly>
<bounds x="0" y="495" width="283" height="154"/>
</OView>
<OView class="oracle.dbtools.crest.swingui.relational.TVTable" oid="AA030F0C-549F-40D5-77DC-66580640A053" otype="Table" vid="1F11C168-B259-39EA-FA66-05186AC47592">
<hideElementsInCurrentOnly>false</hideElementsInCurrentOnly>
<bounds x="50" y="1064" width="287" height="167"/>
</OView>
<OView class="oracle.dbtools.crest.swingui.relational.TVTable" oid="AD67A86E-3260-0DFD-AF51-42DF1EB06B21" otype="Table" vid="5BF36D85-4FEC-9496-74C5-3A91205268BA">
<hideElementsInCurrentOnly>false</hideElementsInCurrentOnly>
<bounds x="945" y="231" width="388" height="214"/>
</OView>
<OView class="oracle.dbtools.crest.swingui.relational.TVTable" oid="ADCC9FB6-E27C-E1C3-A85C-9649EBEF3CC4" otype="Table" vid="F59D2A07-D42C-EC67-6C55-F4B4D14D4924">
<hideElementsInCurrentOnly>false</hideElementsInCurrentOnly>
<bounds x="744" y="1028" width="255" height="97"/>
</OView>
<OView class="oracle.dbtools.crest.swingui.relational.TVTable" oid="D021916A-BDF8-A855-8CD3-624A53A4AA2E" otype="Table" vid="71324AD2-CD39-CE60-50B7-DF6D1962B75A">
<hideElementsInCurrentOnly>false</hideElementsInCurrentOnly>
<bounds x="217" y="301" width="235" height="125"/>
</OView>
<OView class="oracle.dbtools.crest.swingui.relational.TVTable" oid="D76730EC-918B-141F-0D1E-148086351615" otype="Table" vid="EF3B37D0-D565-C760-ACA1-F455146CAFF2">
<hideElementsInCurrentOnly>false</hideElementsInCurrentOnly>
<bounds x="1285" y="43" width="260" height="126"/>
</OView>
<OView class="oracle.dbtools.crest.swingui.relational.TVTable" oid="DD14DE7D-8F28-527F-31FE-64E3A31D2831" otype="Table" vid="9AFF0003-64A9-194D-3F6B-0AAE78CEA11A">
<hideElementsInCurrentOnly>false</hideElementsInCurrentOnly>
<bounds x="1183" y="1026" width="317" height="189"/>
</OView>
<OView class="oracle.dbtools.crest.swingui.relational.TVTable" oid="E65903B0-F504-84E4-1CF6-3411605B15B3" otype="Table" vid="444DB939-256D-02CE-137C-6B01DF1398A5">
<hideElementsInCurrentOnly>false</hideElementsInCurrentOnly>
<bounds x="1388" y="313" width="279" height="108"/>
</OView>
<OView class="oracle.dbtools.crest.swingui.relational.TVTable" oid="F0E5A5BC-9EF3-2AE0-831B-0BDA3235EFAE" otype="Table" vid="C49F2E07-FF92-D539-3035-1BBBB74F7936">
<hideElementsInCurrentOnly>false</hideElementsInCurrentOnly>
<bounds x="1334" y="520" width="258" height="98"/>
</OView>
</objectViews>
<connectors>
<Connector class="oracle.dbtools.crest.swingui.relational.TVFKRelation" oid="019EB7E0-8783-D10E-D660-FA0D115E5A14" otype="FKIndexAssociation" vid_source="9842EF66-3AA9-C32E-5D39-BC15734FDDA9" vid_target="5BF36D85-4FEC-9496-74C5-3A91205268BA">
<hideElementsInCurrentOnly>false</hideElementsInCurrentOnly>
<backgroundColor>-16777216</backgroundColor>
<lineWidth>1</lineWidth>
<points>
<point x="1048" y="178"/>
<point x="1048" y="231"/>
</points>
</Connector>
<Connector class="oracle.dbtools.crest.swingui.relational.TVFKRelation" oid="04CC1BAD-8090-82D8-5427-C33BB9F93A82" otype="FKIndexAssociation" vid_source="F7D8BF2A-F4BE-5BD9-95DF-0447EB62DA84" vid_target="A80C29DE-1060-ED34-6EE4-31F9B61FBB13">
<hideElementsInCurrentOnly>false</hideElementsInCurrentOnly>
<backgroundColor>-16777216</backgroundColor>
<lineWidth>1</lineWidth>
<points>
<point x="710" y="931"/>
<point x="585" y="931"/>
</points>
</Connector>
<Connector class="oracle.dbtools.crest.swingui.relational.TVFKRelation" oid="0678B1A2-3942-4CCE-1796-D09532BFB365" otype="FKIndexAssociation" vid_source="6F7C330E-FCCE-3217-4197-532019536363" vid_target="5BF36D85-4FEC-9496-74C5-3A91205268BA">
<hideElementsInCurrentOnly>false</hideElementsInCurrentOnly>
<backgroundColor>-16777216</backgroundColor>
<lineWidth>1</lineWidth>
<points>
<point x="1050" y="577"/>
<point x="1050" y="445"/>
</points>
</Connector>
<Connector class="oracle.dbtools.crest.swingui.relational.TVFKRelation" oid="151B4476-F1B5-7F39-750E-B5516CB585D4" otype="FKIndexAssociation" vid_source="444DB939-256D-02CE-137C-6B01DF1398A5" vid_target="5BF36D85-4FEC-9496-74C5-3A91205268BA">
<hideElementsInCurrentOnly>false</hideElementsInCurrentOnly>
<backgroundColor>-16777216</backgroundColor>
<lineWidth>1</lineWidth>
<points>
<point x="1388" y="367"/>
<point x="1333" y="367"/>
</points>
</Connector>
<Connector class="oracle.dbtools.crest.swingui.relational.TVFKRelation" oid="1829A4F1-683C-A7CC-1314-2A101744B842" otype="FKIndexAssociation" vid_source="6F7C330E-FCCE-3217-4197-532019536363" vid_target="9AFF0003-64A9-194D-3F6B-0AAE78CEA11A">
<hideElementsInCurrentOnly>false</hideElementsInCurrentOnly>
<backgroundColor>-16777216</backgroundColor>
<lineWidth>1</lineWidth>
<points>
<point x="1064" y="792"/>
<point x="1261" y="1026"/>
</points>
</Connector>
<Connector class="oracle.dbtools.crest.swingui.relational.TVFKRelation" oid="1CBF38A4-D6C2-7EEC-46DF-44239063E3F9" otype="FKIndexAssociation" vid_source="713F20DD-9155-5CE6-1730-95EF6552DEBB" vid_target="1F11C168-B259-39EA-FA66-05186AC47592">
<hideElementsInCurrentOnly>false</hideElementsInCurrentOnly>
<backgroundColor>-16777216</backgroundColor>
<lineWidth>1</lineWidth>
<points>
<point x="166" y="649"/>
<point x="166" y="1064"/>
</points>
</Connector>
<Connector class="oracle.dbtools.crest.swingui.relational.TVFKRelation" oid="3194570D-3BF5-F89C-36CD-81E7254DAF45" otype="FKIndexAssociation" vid_source="6F7C330E-FCCE-3217-4197-532019536363" vid_target="A80C29DE-1060-ED34-6EE4-31F9B61FBB13">
<hideElementsInCurrentOnly>false</hideElementsInCurrentOnly>
<backgroundColor>-16777216</backgroundColor>
<lineWidth>1</lineWidth>
<points>
<point x="792" y="772"/>
<point x="565" y="883"/>
</points>
</Connector>
<Connector class="oracle.dbtools.crest.swingui.relational.TVFKRelation" oid="36169B59-5449-841B-F1A4-0BE8B0CFCF33" otype="FKIndexAssociation" vid_source="5BF36D85-4FEC-9496-74C5-3A91205268BA" vid_target="ADD3DDA7-8BE5-F783-D8C6-009F05AE24C9">
<hideElementsInCurrentOnly>false</hideElementsInCurrentOnly>
<backgroundColor>-16777216</backgroundColor>
<lineWidth>1</lineWidth>
<points>
<point x="945" y="416"/>
<point x="692" y="518"/>
</points>
</Connector>
<Connector class="oracle.dbtools.crest.swingui.relational.TVFKRelation" oid="49392E97-42CA-4ED9-67F5-0A2D386EF12F" otype="FKIndexAssociation" vid_source="DD2D8B1E-A632-0C8A-E2E9-F1844F4CDCF2" vid_target="5BF36D85-4FEC-9496-74C5-3A91205268BA">
<hideElementsInCurrentOnly>false</hideElementsInCurrentOnly>
<backgroundColor>-16777216</backgroundColor>
<lineWidth>1</lineWidth>
<points>
<point x="1382" y="256"/>
<point x="1333" y="256"/>
</points>
</Connector>
<Connector class="oracle.dbtools.crest.swingui.relational.TVFKRelation" oid="58D1829E-5AEB-D3B6-70D2-643284DC05AD" otype="FKIndexAssociation" vid_source="71324AD2-CD39-CE60-50B7-DF6D1962B75A" vid_target="ADD3DDA7-8BE5-F783-D8C6-009F05AE24C9">
<hideElementsInCurrentOnly>false</hideElementsInCurrentOnly>
<backgroundColor>-16777216</backgroundColor>
<lineWidth>1</lineWidth>
<points>
<point x="433" y="426"/>
<point x="433" y="458"/>
</points>
</Connector>
<Connector class="oracle.dbtools.crest.swingui.relational.TVFKRelation" oid="591F2024-72F3-3351-DA66-EFB71CF17908" otype="FKIndexAssociation" vid_source="E6D8FC65-B6FB-D870-91C7-CB3A82F158A9" vid_target="6F7C330E-FCCE-3217-4197-532019536363">
<hideElementsInCurrentOnly>false</hideElementsInCurrentOnly>
<backgroundColor>-16777216</backgroundColor>
<lineWidth>1</lineWidth>
<points>
<point x="691" y="376"/>
<point x="875" y="577"/>
</points>
</Connector>
<Connector class="oracle.dbtools.crest.swingui.relational.TVFKRelation" oid="638E3B42-059D-EB52-7B29-45F4BB14800E" otype="FKIndexAssociation" vid_source="F957259C-DD55-71C5-D821-CE972DA93753" vid_target="5BF36D85-4FEC-9496-74C5-3A91205268BA">
<hideElementsInCurrentOnly>false</hideElementsInCurrentOnly>
<backgroundColor>-16777216</backgroundColor>
<lineWidth>1</lineWidth>
<points>
<point x="338" y="262"/>
<point x="945" y="262"/>
</points>
</Connector>
<Connector class="oracle.dbtools.crest.swingui.relational.TVFKRelation" oid="693DEED4-5E45-1A9E-4D98-86C27528A7A4" otype="FKIndexAssociation" vid_source="6F7C330E-FCCE-3217-4197-532019536363" vid_target="2126940C-D6DE-38EC-38D4-457FAD7ACDCC">
<hideElementsInCurrentOnly>false</hideElementsInCurrentOnly>
<backgroundColor>-16777216</backgroundColor>
<lineWidth>1</lineWidth>
<points>
<point x="1156" y="764"/>
<point x="1276" y="764"/>
</points>
</Connector>
<Connector class="oracle.dbtools.crest.swingui.relational.TVFKRelation" oid="6ABB3A9D-14BE-D8FE-60A5-CAE117FDE214" otype="FKIndexAssociation" vid_source="9AFF0003-64A9-194D-3F6B-0AAE78CEA11A" vid_target="1F11C168-B259-39EA-FA66-05186AC47592">
<hideElementsInCurrentOnly>false</hideElementsInCurrentOnly>
<backgroundColor>-16777216</backgroundColor>
<lineWidth>1</lineWidth>
<points>
<point x="1183" y="1139"/>
<point x="337" y="1139"/>
</points>
</Connector>
<Connector class="oracle.dbtools.crest.swingui.relational.TVFKRelation" oid="7707E7C2-DE27-3B55-A655-E53C5FBD2AF5" otype="FKIndexAssociation" vid_source="9842EF66-3AA9-C32E-5D39-BC15734FDDA9" vid_target="A268AF2E-D9A8-E618-4042-DB11E2F071DA">
<hideElementsInCurrentOnly>false</hideElementsInCurrentOnly>
<backgroundColor>-16777216</backgroundColor>
<lineWidth>1</lineWidth>
<points>
<point x="819" y="98"/>
<point x="760" y="98"/>
</points>
</Connector>
<Connector class="oracle.dbtools.crest.swingui.relational.TVFKRelation" oid="8616430B-1460-87E6-AD92-5DFDA0D845F7" otype="FKIndexAssociation" vid_source="F957259C-DD55-71C5-D821-CE972DA93753" vid_target="713F20DD-9155-5CE6-1730-95EF6552DEBB">
<hideElementsInCurrentOnly>false</hideElementsInCurrentOnly>
<backgroundColor>-16777216</backgroundColor>
<lineWidth>1</lineWidth>
<points>
<point x="152" y="294"/>
<point x="152" y="495"/>
</points>
</Connector>
<Connector class="oracle.dbtools.crest.swingui.relational.TVFKRelation" oid="8BEC19B3-BBCC-F2B9-1C26-F5671FC712BB" otype="FKIndexAssociation" vid_source="C49F2E07-FF92-D539-3035-1BBBB74F7936" vid_target="5BF36D85-4FEC-9496-74C5-3A91205268BA">
<hideElementsInCurrentOnly>false</hideElementsInCurrentOnly>
<backgroundColor>-16777216</backgroundColor>
<lineWidth>1</lineWidth>
<points>
<point x="1394" y="520"/>
<point x="1289" y="445"/>
</points>
</Connector>
<Connector class="oracle.dbtools.crest.swingui.relational.TVFKRelation" oid="8E735252-E8B4-2585-B6B0-D070FF1D3546" otype="FKIndexAssociation" vid_source="EF3B37D0-D565-C760-ACA1-F455146CAFF2" vid_target="9842EF66-3AA9-C32E-5D39-BC15734FDDA9">
<hideElementsInCurrentOnly>false</hideElementsInCurrentOnly>
<backgroundColor>-16777216</backgroundColor>
<lineWidth>1</lineWidth>
<points>
<point x="1285" y="106"/>
<point x="1152" y="106"/>
</points>
</Connector>
<Connector class="oracle.dbtools.crest.swingui.relational.TVFKRelation" oid="98635753-DC0F-63A1-1C7F-D818DA78D293" otype="FKIndexAssociation" vid_source="A268AF2E-D9A8-E618-4042-DB11E2F071DA" vid_target="F957259C-DD55-71C5-D821-CE972DA93753">
<hideElementsInCurrentOnly>false</hideElementsInCurrentOnly>
<backgroundColor>-16777216</backgroundColor>
<lineWidth>1</lineWidth>
<points>
<point x="503" y="98"/>
<point x="338" y="98"/>
</points>
</Connector>
<Connector class="oracle.dbtools.crest.swingui.relational.TVFKRelation" oid="9B1D75D0-8F9C-86B7-F72B-1C79EA8171A0" otype="FKIndexAssociation" vid_source="A268AF2E-D9A8-E618-4042-DB11E2F071DA" vid_target="6F7C330E-FCCE-3217-4197-532019536363">
<hideElementsInCurrentOnly>false</hideElementsInCurrentOnly>
<backgroundColor>-16777216</backgroundColor>
<lineWidth>1</lineWidth>
<points>
<point x="673" y="170"/>
<point x="911" y="577"/>
</points>
</Connector>
<Connector class="oracle.dbtools.crest.swingui.relational.TVFKRelation" oid="A3CCCDA3-4FE8-D44A-9A6F-B23DD91612FA" otype="FKIndexAssociation" vid_source="6F7C330E-FCCE-3217-4197-532019536363" vid_target="1F11C168-B259-39EA-FA66-05186AC47592">
<hideElementsInCurrentOnly>false</hideElementsInCurrentOnly>
<backgroundColor>-16777216</backgroundColor>
<lineWidth>1</lineWidth>
<points>
<point x="792" y="792"/>
<point x="334" y="1064"/>
</points>
</Connector>
<Connector class="oracle.dbtools.crest.swingui.relational.TVFKRelation" oid="A68A275B-279F-E3B6-7925-67408860528F" otype="FKIndexAssociation" vid_source="A80C29DE-1060-ED34-6EE4-31F9B61FBB13" vid_target="851ECCED-E8D9-6520-7927-138676915DE4">
<hideElementsInCurrentOnly>false</hideElementsInCurrentOnly>
<backgroundColor>-16777216</backgroundColor>
<lineWidth>1</lineWidth>
<points>
<point x="455" y="883"/>
<point x="455" y="859"/>
</points>
</Connector>
<Connector class="oracle.dbtools.crest.swingui.relational.TVFKRelation" oid="BDE17975-E760-668A-95EE-AF1641BB40B8" otype="FKIndexAssociation" vid_source="F59D2A07-D42C-EC67-6C55-F4B4D14D4924" vid_target="F7D8BF2A-F4BE-5BD9-95DF-0447EB62DA84">
<hideElementsInCurrentOnly>false</hideElementsInCurrentOnly>
<backgroundColor>-16777216</backgroundColor>
<lineWidth>1</lineWidth>
<points>
<point x="871" y="1028"/>
<point x="871" y="980"/>
</points>
</Connector>
<Connector class="oracle.dbtools.crest.swingui.relational.TVFKRelation" oid="C5FA1430-646E-CD21-8E20-C34443A6B9E9" otype="FKIndexAssociation" vid_source="E6D8FC65-B6FB-D870-91C7-CB3A82F158A9" vid_target="F957259C-DD55-71C5-D821-CE972DA93753">
<hideElementsInCurrentOnly>false</hideElementsInCurrentOnly>
<backgroundColor>-16777216</backgroundColor>
<lineWidth>1</lineWidth>
<points>
<point x="493" y="280"/>
<point x="338" y="280"/>
</points>
</Connector>
<Connector class="oracle.dbtools.crest.swingui.relational.TVFKRelation" oid="D4DAAC3F-7425-63A0-3A8B-2D45DC2C2A38" otype="FKIndexAssociation" vid_source="A80C29DE-1060-ED34-6EE4-31F9B61FBB13" vid_target="713F20DD-9155-5CE6-1730-95EF6552DEBB">
<hideElementsInCurrentOnly>false</hideElementsInCurrentOnly>
<backgroundColor>-16777216</backgroundColor>
<lineWidth>1</lineWidth>
<points>
<point x="270" y="883"/>
<point x="270" y="649"/>
</points>
</Connector>
<Connector class="oracle.dbtools.crest.swingui.relational.TVFKRelation" oid="EF776E0D-F6EE-B6CC-1CB6-DFC9C399EE87" otype="FKIndexAssociation" vid_source="ADD3DDA7-8BE5-F783-D8C6-009F05AE24C9" vid_target="851ECCED-E8D9-6520-7927-138676915DE4">
<hideElementsInCurrentOnly>false</hideElementsInCurrentOnly>
<backgroundColor>-16777216</backgroundColor>
<lineWidth>1</lineWidth>
<points>
<point x="462" y="702"/>
<point x="462" y="749"/>
</points>
</Connector>
</connectors>
</Diagram>