<?xml version = '1.0' encoding = 'UTF-8'?>
<Table class="oracle.dbtools.crest.model.design.relational.Table" directorySegmentName="seg_0" id="17463188-AC0F-5D69-1C44-835E913FF2BC" name="Answear">
<createdBy>karol</createdBy>
<createdTime>2024-01-09 22:38:40 UTC</createdTime>
<generatorID>A787A436-9C60-F1F6-86AD-FF468F67E100</generatorID>
<ownerDesignName>bazadanychwpracy</ownerDesignName>
<allowColumnReorder>false</allowColumnReorder>
<existDependencyGenerateInDDl>true</existDependencyGenerateInDDl>
<parsed>true</parsed>
<columns itemClass="oracle.dbtools.crest.model.design.relational.Column">
<Column name="AnswearKey" id="F9BF8B65-48F6-C3AD-0DD6-BD275F4A8494">
<createdBy>karol</createdBy>
<createdTime>2024-01-09 22:38:40 UTC</createdTime>
<generatorID>F9C198AD-84BB-2472-716D-32C976EBCD2D</generatorID>
<ownerDesignName>bazadanychwpracy</ownerDesignName>
<useDomainConstraints>false</useDomainConstraints>
<use>1</use>
<logicalDatatype>LOGDT027</logicalDatatype>
<ownDataTypeParameters>,,</ownDataTypeParameters>
<autoIncrementCycle>false</autoIncrementCycle>
</Column>
<Column name="Body" id="AC884BA0-B908-93BB-BB15-515CE98BE410">
<createdBy>karol</createdBy>
<createdTime>2024-01-09 22:38:40 UTC</createdTime>
<generatorID>98824F99-B222-2DD4-4763-873BAD8AF72B</generatorID>
<ownerDesignName>bazadanychwpracy</ownerDesignName>
<useDomainConstraints>false</useDomainConstraints>
<use>1</use>
<logicalDatatype>LOGDT024</logicalDatatype>
<dataTypeSize>250 CHAR</dataTypeSize>
<ownDataTypeParameters>250 CHAR,,</ownDataTypeParameters>
<autoIncrementCycle>false</autoIncrementCycle>
</Column>
<Column name="QuestionKey" id="08251D5C-B47B-9CC5-BF3F-CC8C71656CF0">
<createdBy>karol</createdBy>
<createdTime>2024-01-09 22:38:40 UTC</createdTime>
<generatorID>79EB8A95-341A-81B1-6CE0-90F1D1D08A6A</generatorID>
<ownerDesignName>bazadanychwpracy</ownerDesignName>
<useDomainConstraints>false</useDomainConstraints>
<use>1</use>
<logicalDatatype>LOGDT027</logicalDatatype>
<ownDataTypeParameters>,,</ownDataTypeParameters>
<previousColumn>false</previousColumn>
<autoIncrementCycle>false</autoIncrementCycle>
<associations>
<colAssociation fkAssociation="D92F11A8-F2AA-8498-63EA-8554BC616323" referredColumn="EA3D322F-1310-69E0-588F-92591BCD9248"/>
</associations>
</Column>
<Column name="SalesPointKey" id="3D473C94-B0DC-478B-82F6-47975182FDFC">
<createdBy>karol</createdBy>
<createdTime>2024-01-09 22:38:40 UTC</createdTime>
<generatorID>8E0A0891-B66F-2793-FA07-7E95EAD5517A</generatorID>
<ownerDesignName>bazadanychwpracy</ownerDesignName>
<nullsAllowed>true</nullsAllowed>
<useDomainConstraints>false</useDomainConstraints>
<use>1</use>
<logicalDatatype>LOGDT011</logicalDatatype>
<ownDataTypeParameters>,,</ownDataTypeParameters>
<previousColumn>false</previousColumn>
<autoIncrementCycle>false</autoIncrementCycle>
<associations>
<colAssociation fkAssociation="6C24D5D9-9075-D0B1-FF66-8F202586822F" referredColumn="DD4E72E5-DDD0-2E0D-AF88-923E823E45E2"/>
</associations>
</Column>
<Column name="EmployeeKey" id="5AB07D87-B8E3-A487-958E-A49B8F288E7A">
<createdBy>karol</createdBy>
<createdTime>2024-01-09 22:38:40 UTC</createdTime>
<generatorID>91ED964F-E551-E691-3C6B-50764FC6B0AF</generatorID>
<ownerDesignName>bazadanychwpracy</ownerDesignName>
<useDomainConstraints>false</useDomainConstraints>
<use>1</use>
<logicalDatatype>LOGDT027</logicalDatatype>
<ownDataTypeParameters>,,</ownDataTypeParameters>
<previousColumn>false</previousColumn>
<autoIncrementCycle>false</autoIncrementCycle>
<associations>
<colAssociation fkAssociation="50D62310-11F8-2F19-B700-1309F2428D6D" referredColumn="ADEA4655-2347-B85B-314C-9B39E407BD13"/>
</associations>
</Column>
</columns>
<indexes itemClass="oracle.dbtools.crest.model.design.relational.Index">
<ind_PK_UK id="2AB9CBE8-E3DA-82A6-85AE-10AD5DAE0456" name="Answear_PK">
<createdBy>karol</createdBy>
<createdTime>2024-01-09 22:38:40 UTC</createdTime>
<generatorID>9ED9F7A4-457D-CB3B-3075-35C5888F52B4</generatorID>
<ownerDesignName>bazadanychwpracy</ownerDesignName>
<pk>true</pk>
<indexState>Primary Constraint</indexState>
<isSurrogateKey>false</isSurrogateKey>
<indexColumnUsage>
<colUsage columnID="F9BF8B65-48F6-C3AD-0DD6-BD275F4A8494"/>
</indexColumnUsage>
</ind_PK_UK>
<ind_PK_UK id="F21A75E2-493C-DDE9-F32C-B9CE6D740C9F" name="Answear_Employee_FK">
<createdBy>karol</createdBy>
<createdTime>2024-01-09 22:38:40 UTC</createdTime>
<generatorID>65EEE039-D30D-5C9C-4C44-8004F49C5F96</generatorID>
<ownerDesignName>bazadanychwpracy</ownerDesignName>
<indexState>Foreign Key</indexState>
<isSurrogateKey>false</isSurrogateKey>
<indexColumnUsage>
<colUsage columnID="5AB07D87-B8E3-A487-958E-A49B8F288E7A"/>
</indexColumnUsage>
</ind_PK_UK>
<ind_PK_UK id="FF2BC4AD-BB7F-C300-A658-7CE034D72E32" name="Answear_Question_FK">
<createdBy>karol</createdBy>
<createdTime>2024-01-09 22:38:40 UTC</createdTime>
<generatorID>5AA258BD-62F2-73E4-87F5-A0AB8091A427</generatorID>
<ownerDesignName>bazadanychwpracy</ownerDesignName>
<indexState>Foreign Key</indexState>
<isSurrogateKey>false</isSurrogateKey>
<indexColumnUsage>
<colUsage columnID="08251D5C-B47B-9CC5-BF3F-CC8C71656CF0"/>
</indexColumnUsage>
</ind_PK_UK>
<ind_PK_UK id="135CE7FE-CA74-ABE9-AEE1-E476FC53D0D8" name="Answear_SalesPoint_FK">
<createdBy>karol</createdBy>
<createdTime>2024-01-09 22:38:40 UTC</createdTime>
<generatorID>CB6E29C1-8D64-3FDE-417A-0EA7D6E503F1</generatorID>
<ownerDesignName>bazadanychwpracy</ownerDesignName>
<indexState>Foreign Key</indexState>
<isSurrogateKey>false</isSurrogateKey>
<indexColumnUsage>
<colUsage columnID="3D473C94-B0DC-478B-82F6-47975182FDFC"/>
</indexColumnUsage>
</ind_PK_UK>
</indexes>
</Table>