<?xml version = '1.0' encoding = 'UTF-8'?>
<Table class="oracle.dbtools.crest.model.design.relational.Table" directorySegmentName="seg_0" id="20636009-74AD-80A7-914E-617FE9FF52B6" name="OrderHeader">
<createdBy>karol</createdBy>
<createdTime>2024-01-09 22:38:40 UTC</createdTime>
<generatorID>2120BA58-CDA0-912E-17C2-CD7B1A2CB216</generatorID>
<ownerDesignName>bazadanychwpracy</ownerDesignName>
<allowColumnReorder>false</allowColumnReorder>
<existDependencyGenerateInDDl>true</existDependencyGenerateInDDl>
<parsed>true</parsed>
<columns itemClass="oracle.dbtools.crest.model.design.relational.Column">
<Column name="OrderKey" id="F637BEAB-EC47-D166-32DC-804D2DA5B0C9">
<createdBy>karol</createdBy>
<createdTime>2024-01-09 22:38:40 UTC</createdTime>
<generatorID>C24D81FE-E88F-B678-E4BC-49C23DA88154</generatorID>
<ownerDesignName>bazadanychwpracy</ownerDesignName>
<useDomainConstraints>false</useDomainConstraints>
<use>1</use>
<logicalDatatype>LOGDT027</logicalDatatype>
<ownDataTypeParameters>,,</ownDataTypeParameters>
<autoIncrementCycle>false</autoIncrementCycle>
</Column>
<Column name="OrderDate" id="A5290AAD-BA51-4933-932A-439AA86FFE11">
<createdBy>karol</createdBy>
<createdTime>2024-01-09 22:38:40 UTC</createdTime>
<generatorID>F84D7B0D-D714-A1B3-116E-C24FD02A600F</generatorID>
<ownerDesignName>bazadanychwpracy</ownerDesignName>
<useDomainConstraints>false</useDomainConstraints>
<use>1</use>
<logicalDatatype>LOGDT007</logicalDatatype>
<ownDataTypeParameters>,,</ownDataTypeParameters>
<autoIncrementCycle>false</autoIncrementCycle>
</Column>
<Column name="DeliveryDate" id="AA17914A-2867-6841-EDB4-3D9A93852254">
<createdBy>karol</createdBy>
<createdTime>2024-01-09 22:38:40 UTC</createdTime>
<generatorID>45A6953D-4A85-0A51-88E5-1E4D733F13DD</generatorID>
<ownerDesignName>bazadanychwpracy</ownerDesignName>
<useDomainConstraints>false</useDomainConstraints>
<use>1</use>
<logicalDatatype>LOGDT007</logicalDatatype>
<ownDataTypeParameters>,,</ownDataTypeParameters>
<autoIncrementCycle>false</autoIncrementCycle>
</Column>
<Column name="DeliveryCost" id="B950E446-E685-7F03-DB7B-350AAE28CC58">
<createdBy>karol</createdBy>
<createdTime>2024-01-09 22:38:40 UTC</createdTime>
<generatorID>D9641247-9BDE-4FFC-DDA4-E7057AF0E026</generatorID>
<ownerDesignName>bazadanychwpracy</ownerDesignName>
<useDomainConstraints>false</useDomainConstraints>
<use>1</use>
<logicalDatatype>LOGDT026</logicalDatatype>
<dataTypePrecision>10</dataTypePrecision>
<dataTypeScale>2</dataTypeScale>
<ownDataTypeParameters>,10,2</ownDataTypeParameters>
<autoIncrementCycle>false</autoIncrementCycle>
</Column>
<Column name="DeliveryMethodKey" id="50431A69-9756-E12E-33C8-8EC174E92647">
<createdBy>karol</createdBy>
<createdTime>2024-01-09 22:38:40 UTC</createdTime>
<generatorID>498780DE-0A3D-E189-86EE-0F0BB3F845F9</generatorID>
<ownerDesignName>bazadanychwpracy</ownerDesignName>
<useDomainConstraints>false</useDomainConstraints>
<use>1</use>
<logicalDatatype>LOGDT018</logicalDatatype>
<ownDataTypeParameters>,,</ownDataTypeParameters>
<previousColumn>false</previousColumn>
<autoIncrementCycle>false</autoIncrementCycle>
<associations>
<colAssociation fkAssociation="8968A05D-2F36-F30C-60AE-1E07E216A1E2" referredColumn="A201C3F7-C788-E920-F3EE-FFA615B5749E"/>
</associations>
</Column>
<Column name="SalesPointKey" id="18D49BAE-DE76-F02F-AB2B-9CE2600CB2A3">
<createdBy>karol</createdBy>
<createdTime>2024-01-09 22:38:40 UTC</createdTime>
<generatorID>31AA79CD-9AD5-905D-A0B5-9FD2F138C8C6</generatorID>
<ownerDesignName>bazadanychwpracy</ownerDesignName>
<nullsAllowed>true</nullsAllowed>
<useDomainConstraints>false</useDomainConstraints>
<use>1</use>
<logicalDatatype>LOGDT011</logicalDatatype>
<ownDataTypeParameters>,,</ownDataTypeParameters>
<previousColumn>false</previousColumn>
<autoIncrementCycle>false</autoIncrementCycle>
<associations>
<colAssociation fkAssociation="E8805E0B-8BA7-B1D9-CD00-B16251D5785B" referredColumn="DD4E72E5-DDD0-2E0D-AF88-923E823E45E2"/>
</associations>
</Column>
<Column name="PaymentMethodKey" id="677C0962-BB5C-1F5B-EE7B-63D580C6CD6A">
<createdBy>karol</createdBy>
<createdTime>2024-01-09 22:38:40 UTC</createdTime>
<generatorID>F3395329-8B45-5D4E-AF22-1F3090B99013</generatorID>
<ownerDesignName>bazadanychwpracy</ownerDesignName>
<useDomainConstraints>false</useDomainConstraints>
<use>1</use>
<logicalDatatype>LOGDT018</logicalDatatype>
<ownDataTypeParameters>,,</ownDataTypeParameters>
<previousColumn>false</previousColumn>
<autoIncrementCycle>false</autoIncrementCycle>
<associations>
<colAssociation fkAssociation="1D4756B1-0A87-1D84-2B13-B44E88DB5D36" referredColumn="9A80BDA5-C290-874F-672C-9D2CEAE88BA3"/>
</associations>
</Column>
<Column name="CountryKey" id="439810E3-36F3-5ACD-578E-89ABD91C2150">
<createdBy>karol</createdBy>
<createdTime>2024-01-09 22:38:40 UTC</createdTime>
<generatorID>85DDD7F2-196D-978B-BE94-1044519359D4</generatorID>
<ownerDesignName>bazadanychwpracy</ownerDesignName>
<useDomainConstraints>false</useDomainConstraints>
<use>1</use>
<logicalDatatype>LOGDT018</logicalDatatype>
<ownDataTypeParameters>,,</ownDataTypeParameters>
<previousColumn>false</previousColumn>
<autoIncrementCycle>false</autoIncrementCycle>
<associations>
<colAssociation fkAssociation="AA87506F-5A5A-2E8F-FC95-2B88267D29DB" referredColumn="38404EA6-5D1E-411E-28BF-35033AF99335"/>
</associations>
</Column>
<Column name="CustomerKey" id="63076AC3-CD3D-C68B-FD18-166BD403017B">
<createdBy>karol</createdBy>
<createdTime>2024-01-09 22:38:40 UTC</createdTime>
<generatorID>5995E236-83AE-4715-C94A-52A20EE44849</generatorID>
<ownerDesignName>bazadanychwpracy</ownerDesignName>
<useDomainConstraints>false</useDomainConstraints>
<use>1</use>
<logicalDatatype>LOGDT027</logicalDatatype>
<ownDataTypeParameters>,,</ownDataTypeParameters>
<previousColumn>false</previousColumn>
<autoIncrementCycle>false</autoIncrementCycle>
<associations>
<colAssociation fkAssociation="A7FF74ED-96C4-F285-6538-172D94DB87D9" referredColumn="81A4B521-71C2-5B12-56B9-3F2A56E528E1"/>
</associations>
</Column>
<Column name="OrderStatusKey" id="BC10C3E3-BC16-AB05-2DA7-C51C823BF928">
<createdBy>karol</createdBy>
<createdTime>2024-01-09 22:38:40 UTC</createdTime>
<generatorID>4ABA5F8A-9797-1D3F-67E0-65ED599B59E6</generatorID>
<ownerDesignName>bazadanychwpracy</ownerDesignName>
<useDomainConstraints>false</useDomainConstraints>
<use>1</use>
<logicalDatatype>LOGDT018</logicalDatatype>
<ownDataTypeParameters>,,</ownDataTypeParameters>
<previousColumn>false</previousColumn>
<autoIncrementCycle>false</autoIncrementCycle>
<associations>
<colAssociation fkAssociation="D820EA6B-206B-CD3D-5ED3-34C6B129A5F7" referredColumn="976B398C-34CA-2160-CAF5-04E443833F7E"/>
</associations>
</Column>
</columns>
<indexes itemClass="oracle.dbtools.crest.model.design.relational.Index">
<ind_PK_UK id="FD529968-8E37-D230-DD25-8AD19F85200F" name="OrderHeader_PK">
<createdBy>karol</createdBy>
<createdTime>2024-01-09 22:38:40 UTC</createdTime>
<generatorID>719764E2-5613-5E1E-66B2-7FFE83266184</generatorID>
<ownerDesignName>bazadanychwpracy</ownerDesignName>
<pk>true</pk>
<indexState>Primary Constraint</indexState>
<isSurrogateKey>false</isSurrogateKey>
<indexColumnUsage>
<colUsage columnID="F637BEAB-EC47-D166-32DC-804D2DA5B0C9"/>
</indexColumnUsage>
</ind_PK_UK>
<ind_PK_UK id="513B7025-623B-5064-E4DF-14965C8736A6" name="OrderHeader_Country_FK">
<createdBy>karol</createdBy>
<createdTime>2024-01-09 22:38:40 UTC</createdTime>
<generatorID>9A8C0850-686B-98DD-312D-AAE21A4BAF81</generatorID>
<ownerDesignName>bazadanychwpracy</ownerDesignName>
<indexState>Foreign Key</indexState>
<isSurrogateKey>false</isSurrogateKey>
<indexColumnUsage>
<colUsage columnID="439810E3-36F3-5ACD-578E-89ABD91C2150"/>
</indexColumnUsage>
</ind_PK_UK>
<ind_PK_UK id="A6AFE256-9E13-2B95-9A53-FAC7B69D0C91" name="OrderHeader_Customer_FK">
<createdBy>karol</createdBy>
<createdTime>2024-01-09 22:38:40 UTC</createdTime>
<generatorID>825C391C-C18E-1734-1D81-0C1F63E0FDA5</generatorID>
<ownerDesignName>bazadanychwpracy</ownerDesignName>
<indexState>Foreign Key</indexState>
<isSurrogateKey>false</isSurrogateKey>
<indexColumnUsage>
<colUsage columnID="63076AC3-CD3D-C68B-FD18-166BD403017B"/>
</indexColumnUsage>
</ind_PK_UK>
<ind_PK_UK id="045B2CCA-E7F1-DDBB-AE2D-EE7AFDD9C748" name="OrderHeader_OrderStatus_FK">
<createdBy>karol</createdBy>
<createdTime>2024-01-09 22:38:40 UTC</createdTime>
<generatorID>7FFD3731-91BE-181E-AA7D-BCD0654C7857</generatorID>
<ownerDesignName>bazadanychwpracy</ownerDesignName>
<indexState>Foreign Key</indexState>
<isSurrogateKey>false</isSurrogateKey>
<indexColumnUsage>
<colUsage columnID="BC10C3E3-BC16-AB05-2DA7-C51C823BF928"/>
</indexColumnUsage>
</ind_PK_UK>
<ind_PK_UK id="7194D518-CFAE-66F5-A1F5-B3A755A423CF" name="OrderHeader_PaymentMethod_FK">
<createdBy>karol</createdBy>
<createdTime>2024-01-09 22:38:40 UTC</createdTime>
<generatorID>00C30C4A-77B1-4D53-9AFE-81567D089D7D</generatorID>
<ownerDesignName>bazadanychwpracy</ownerDesignName>
<indexState>Foreign Key</indexState>
<isSurrogateKey>false</isSurrogateKey>
<indexColumnUsage>
<colUsage columnID="677C0962-BB5C-1F5B-EE7B-63D580C6CD6A"/>
</indexColumnUsage>
</ind_PK_UK>
<ind_PK_UK id="972F5BCF-AC5C-84F2-B2E1-2043F09C8A4F" name="OrderHeader_DeliveryMethod_FK">
<createdBy>karol</createdBy>
<createdTime>2024-01-09 22:38:40 UTC</createdTime>
<generatorID>CD05C3EF-5E20-CDE8-4B36-F099FA1D6F19</generatorID>
<ownerDesignName>bazadanychwpracy</ownerDesignName>
<indexState>Foreign Key</indexState>
<isSurrogateKey>false</isSurrogateKey>
<indexColumnUsage>
<colUsage columnID="50431A69-9756-E12E-33C8-8EC174E92647"/>
</indexColumnUsage>
</ind_PK_UK>
<ind_PK_UK id="E65DD1EA-3A9A-D778-FF97-E44D5577C696" name="OrderHeader_SalesPoint_FK">
<createdBy>karol</createdBy>
<createdTime>2024-01-09 22:38:40 UTC</createdTime>
<generatorID>D93CACB4-A2AA-E69E-57D5-B1D4792B6C1B</generatorID>
<ownerDesignName>bazadanychwpracy</ownerDesignName>
<indexState>Foreign Key</indexState>
<isSurrogateKey>false</isSurrogateKey>
<indexColumnUsage>
<colUsage columnID="18D49BAE-DE76-F02F-AB2B-9CE2600CB2A3"/>
</indexColumnUsage>
</ind_PK_UK>
</indexes>
</Table>