<?xml version = '1.0' encoding = 'UTF-8'?>
<Table class="oracle.dbtools.crest.model.design.relational.Table" directorySegmentName="seg_0" id="226E8B1A-D54F-42C4-DDB8-27C34E10B16A" name="DeliveryMethod">
<createdBy>karol</createdBy>
<createdTime>2024-01-09 22:38:40 UTC</createdTime>
<generatorID>5E004B45-94EC-1689-6AA0-B09100EE5260</generatorID>
<ownerDesignName>bazadanychwpracy</ownerDesignName>
<allowColumnReorder>false</allowColumnReorder>
<existDependencyGenerateInDDl>true</existDependencyGenerateInDDl>
<parsed>true</parsed>
<columns itemClass="oracle.dbtools.crest.model.design.relational.Column">
<Column name="DeliveryMethodKey" id="A201C3F7-C788-E920-F3EE-FFA615B5749E">
<createdBy>karol</createdBy>
<createdTime>2024-01-09 22:38:40 UTC</createdTime>
<generatorID>7274A263-0597-A32D-5A24-7925F8317267</generatorID>
<ownerDesignName>bazadanychwpracy</ownerDesignName>
<useDomainConstraints>false</useDomainConstraints>
<use>1</use>
<logicalDatatype>LOGDT018</logicalDatatype>
<ownDataTypeParameters>,,</ownDataTypeParameters>
<autoIncrementCycle>false</autoIncrementCycle>
</Column>
<Column name="Name" id="4B663B1C-EDB7-6958-7813-ECCEF8E90024">
<createdBy>karol</createdBy>
<createdTime>2024-01-09 22:38:40 UTC</createdTime>
<generatorID>C73EF503-1307-AAF4-8459-325BABD852BC</generatorID>
<ownerDesignName>bazadanychwpracy</ownerDesignName>
<useDomainConstraints>false</useDomainConstraints>
<use>1</use>
<logicalDatatype>LOGDT024</logicalDatatype>
<dataTypeSize>50 CHAR</dataTypeSize>
<ownDataTypeParameters>50 CHAR,,</ownDataTypeParameters>
<autoIncrementCycle>false</autoIncrementCycle>
</Column>
</columns>
<indexes itemClass="oracle.dbtools.crest.model.design.relational.Index">
<ind_PK_UK id="C18ACA77-5902-8700-AD9D-C68CF7C51106" name="DeliveryMethod_PK">
<createdBy>karol</createdBy>
<createdTime>2024-01-09 22:38:40 UTC</createdTime>
<generatorID>03694551-AB2C-AD22-E876-25D69962F50D</generatorID>
<ownerDesignName>bazadanychwpracy</ownerDesignName>
<pk>true</pk>
<indexState>Primary Constraint</indexState>
<isSurrogateKey>false</isSurrogateKey>
<indexColumnUsage>
<colUsage columnID="A201C3F7-C788-E920-F3EE-FFA615B5749E"/>
</indexColumnUsage>
</ind_PK_UK>
<ind_PK_UK id="7BBADC1A-23BF-C056-B047-2FBC33959EB3" name="DeliveryMethod_Name_UN">
<createdBy>karol</createdBy>
<createdTime>2024-01-09 22:38:40 UTC</createdTime>
<generatorID>DA353B73-2967-BB49-AB3F-351D5DA78705</generatorID>
<ownerDesignName>bazadanychwpracy</ownerDesignName>
<indexState>Unique Constraint</indexState>
<isSurrogateKey>false</isSurrogateKey>
<indexColumnUsage>
<colUsage columnID="4B663B1C-EDB7-6958-7813-ECCEF8E90024"/>
</indexColumnUsage>
</ind_PK_UK>
</indexes>
</Table>