<?xml version = '1.0' encoding = 'UTF-8'?>
<Table class="oracle.dbtools.crest.model.design.relational.Table" directorySegmentName="seg_0" id="400551ED-250A-5BD0-F5CD-7751989CA490" name="SaleReport">
<createdBy>karol</createdBy>
<createdTime>2024-01-09 22:38:40 UTC</createdTime>
<generatorID>546CF247-3153-1E18-2CC0-5E0241C05B3C</generatorID>
<ownerDesignName>bazadanychwpracy</ownerDesignName>
<allowColumnReorder>false</allowColumnReorder>
<existDependencyGenerateInDDl>true</existDependencyGenerateInDDl>
<parsed>true</parsed>
<columns itemClass="oracle.dbtools.crest.model.design.relational.Column">
<Column name="SaleReportKey" id="7ADB6993-5464-8A30-9A36-20E1D9BFDE99">
<createdBy>karol</createdBy>
<createdTime>2024-01-09 22:38:40 UTC</createdTime>
<generatorID>29D7D732-A967-9765-33FB-83EA3BA0248E</generatorID>
<ownerDesignName>bazadanychwpracy</ownerDesignName>
<useDomainConstraints>false</useDomainConstraints>
<use>1</use>
<logicalDatatype>LOGDT027</logicalDatatype>
<ownDataTypeParameters>,,</ownDataTypeParameters>
<autoIncrementCycle>false</autoIncrementCycle>
</Column>
<Column name="Title" id="8E2B6E07-0CD7-E4EE-8D82-AD278E66CDAE">
<createdBy>karol</createdBy>
<createdTime>2024-01-09 22:38:40 UTC</createdTime>
<generatorID>4BBF0FCB-7868-01D8-B6A8-85FF63DCA06B</generatorID>
<ownerDesignName>bazadanychwpracy</ownerDesignName>
<useDomainConstraints>false</useDomainConstraints>
<use>1</use>
<logicalDatatype>LOGDT024</logicalDatatype>
<dataTypeSize>50</dataTypeSize>
<ownDataTypeParameters>50,,</ownDataTypeParameters>
<autoIncrementCycle>false</autoIncrementCycle>
</Column>
<Column name="Date" id="F30F0B2A-0592-B8FD-DA34-AB9239AED41A">
<createdBy>karol</createdBy>
<createdTime>2024-01-09 22:38:40 UTC</createdTime>
<generatorID>80EABB90-E560-439E-5CFA-CE76B936EECD</generatorID>
<ownerDesignName>bazadanychwpracy</ownerDesignName>
<useDomainConstraints>false</useDomainConstraints>
<use>1</use>
<logicalDatatype>LOGDT007</logicalDatatype>
<ownDataTypeParameters>,,</ownDataTypeParameters>
<autoIncrementCycle>false</autoIncrementCycle>
</Column>
<Column name="SalesPoint_SalesPointKey" id="A48C1FFA-FFE7-DC3C-D212-E7DF1B2A060A">
<createdBy>karol</createdBy>
<createdTime>2024-01-09 22:38:40 UTC</createdTime>
<generatorID>7E2A9CA2-114A-4F1A-C704-2F557EE1735D</generatorID>
<ownerDesignName>bazadanychwpracy</ownerDesignName>
<useDomainConstraints>false</useDomainConstraints>
<use>1</use>
<logicalDatatype>LOGDT011</logicalDatatype>
<ownDataTypeParameters>,,</ownDataTypeParameters>
<previousColumn>false</previousColumn>
<autoIncrementCycle>false</autoIncrementCycle>
<associations>
<colAssociation fkAssociation="1BFFF0B8-7549-73C8-B705-6ECDB38D4653" referredColumn="DD4E72E5-DDD0-2E0D-AF88-923E823E45E2"/>
</associations>
</Column>
</columns>
<indexes itemClass="oracle.dbtools.crest.model.design.relational.Index">
<ind_PK_UK id="8413458C-9C43-4B10-65B6-6E6B2C3AC05A" name="SaleReport_PK">
<createdBy>karol</createdBy>
<createdTime>2024-01-09 22:38:40 UTC</createdTime>
<generatorID>74B2EF37-C002-1CCE-C51F-38CDEC88FE49</generatorID>
<ownerDesignName>bazadanychwpracy</ownerDesignName>
<pk>true</pk>
<indexState>Primary Constraint</indexState>
<isSurrogateKey>false</isSurrogateKey>
<indexColumnUsage>
<colUsage columnID="7ADB6993-5464-8A30-9A36-20E1D9BFDE99"/>
</indexColumnUsage>
</ind_PK_UK>
<ind_PK_UK id="63F59145-6A00-06B0-DD6E-A691A6A8A452" name="SaleReport_SalesPoint_FK">
<createdBy>karol</createdBy>
<createdTime>2024-01-09 22:38:40 UTC</createdTime>
<generatorID>BE0D5AFE-18B4-4BAC-68B0-DADB45BA213D</generatorID>
<ownerDesignName>bazadanychwpracy</ownerDesignName>
<indexState>Foreign Key</indexState>
<isSurrogateKey>false</isSurrogateKey>
<indexColumnUsage>
<colUsage columnID="A48C1FFA-FFE7-DC3C-D212-E7DF1B2A060A"/>
</indexColumnUsage>
</ind_PK_UK>
</indexes>
</Table>