<?xml version = '1.0' encoding = 'UTF-8'?>
<Table class="oracle.dbtools.crest.model.design.relational.Table" directorySegmentName="seg_0" id="6A2A5921-581D-AC8B-A45D-9378C7AFC4FC" name="Question">
<createdBy>karol</createdBy>
<createdTime>2024-01-09 22:38:40 UTC</createdTime>
<generatorID>067F5BA3-FD4D-AA73-C950-F466C4621D9F</generatorID>
<ownerDesignName>bazadanychwpracy</ownerDesignName>
<allowColumnReorder>false</allowColumnReorder>
<existDependencyGenerateInDDl>true</existDependencyGenerateInDDl>
<parsed>true</parsed>
<columns itemClass="oracle.dbtools.crest.model.design.relational.Column">
<Column name="QuestionKey" id="EA3D322F-1310-69E0-588F-92591BCD9248">
<createdBy>karol</createdBy>
<createdTime>2024-01-09 22:38:40 UTC</createdTime>
<generatorID>6C4822B1-EC8E-0704-DBC3-57D8BF20DE75</generatorID>
<ownerDesignName>bazadanychwpracy</ownerDesignName>
<useDomainConstraints>false</useDomainConstraints>
<use>1</use>
<logicalDatatype>LOGDT027</logicalDatatype>
<ownDataTypeParameters>,,</ownDataTypeParameters>
<autoIncrementCycle>false</autoIncrementCycle>
</Column>
<Column name="Title" id="900028EE-6AB2-5A51-29D9-0A47D7710947">
<createdBy>karol</createdBy>
<createdTime>2024-01-09 22:38:40 UTC</createdTime>
<generatorID>5F2185D0-1E2C-C66F-BF8C-15C1DF9F20D8</generatorID>
<ownerDesignName>bazadanychwpracy</ownerDesignName>
<useDomainConstraints>false</useDomainConstraints>
<use>1</use>
<logicalDatatype>LOGDT024</logicalDatatype>
<dataTypeSize>20 CHAR</dataTypeSize>
<ownDataTypeParameters>20 CHAR,,</ownDataTypeParameters>
<autoIncrementCycle>false</autoIncrementCycle>
</Column>
<Column name="Body" id="1C60F943-857D-8464-566F-DAF2338C41D6">
<createdBy>karol</createdBy>
<createdTime>2024-01-09 22:38:40 UTC</createdTime>
<generatorID>912638E0-9B61-E950-1881-A26A77F41B54</generatorID>
<ownerDesignName>bazadanychwpracy</ownerDesignName>
<useDomainConstraints>false</useDomainConstraints>
<use>1</use>
<logicalDatatype>LOGDT024</logicalDatatype>
<dataTypeSize>250 CHAR</dataTypeSize>
<ownDataTypeParameters>250 CHAR,,</ownDataTypeParameters>
<autoIncrementCycle>false</autoIncrementCycle>
</Column>
<Column name="CustomerKey" id="B41F0F1C-73A8-1CBB-EB8D-390818060DC1">
<createdBy>karol</createdBy>
<createdTime>2024-01-09 22:38:40 UTC</createdTime>
<generatorID>D1EF7C78-5EB8-1B9B-07A4-293D64EE0466</generatorID>
<ownerDesignName>bazadanychwpracy</ownerDesignName>
<useDomainConstraints>false</useDomainConstraints>
<use>1</use>
<logicalDatatype>LOGDT027</logicalDatatype>
<ownDataTypeParameters>,,</ownDataTypeParameters>
<previousColumn>false</previousColumn>
<autoIncrementCycle>false</autoIncrementCycle>
<associations>
<colAssociation fkAssociation="C6DBE2EB-CDC1-B51B-DCC8-7500DD508268" referredColumn="81A4B521-71C2-5B12-56B9-3F2A56E528E1"/>
</associations>
</Column>
<Column name="ProductKey" id="61241A5A-C09E-EF2C-AB4F-982BBE8CF737">
<createdBy>karol</createdBy>
<createdTime>2024-01-09 22:38:40 UTC</createdTime>
<generatorID>702535E3-E611-D72D-2E2E-9A246977E953</generatorID>
<ownerDesignName>bazadanychwpracy</ownerDesignName>
<useDomainConstraints>false</useDomainConstraints>
<use>1</use>
<logicalDatatype>LOGDT011</logicalDatatype>
<ownDataTypeParameters>,,</ownDataTypeParameters>
<previousColumn>false</previousColumn>
<autoIncrementCycle>false</autoIncrementCycle>
<associations>
<colAssociation fkAssociation="0D6BF7D2-459C-919C-8BED-FF816487B9F8" referredColumn="49B258E8-86E2-25CB-A63B-262E0342E577"/>
</associations>
</Column>
</columns>
<indexes itemClass="oracle.dbtools.crest.model.design.relational.Index">
<ind_PK_UK id="22975437-2985-8D8E-3CF6-888CB61F3D9A" name="Question_PK">
<createdBy>karol</createdBy>
<createdTime>2024-01-09 22:38:40 UTC</createdTime>
<generatorID>46B65C0F-2831-39B6-E6F9-9901D188E7AC</generatorID>
<ownerDesignName>bazadanychwpracy</ownerDesignName>
<pk>true</pk>
<indexState>Primary Constraint</indexState>
<isSurrogateKey>false</isSurrogateKey>
<indexColumnUsage>
<colUsage columnID="EA3D322F-1310-69E0-588F-92591BCD9248"/>
</indexColumnUsage>
</ind_PK_UK>
<ind_PK_UK id="704A4BAF-9A6A-C47D-8576-47B63ED8C09A" name="Question_Customer_FK">
<createdBy>karol</createdBy>
<createdTime>2024-01-09 22:38:40 UTC</createdTime>
<generatorID>6D9E4D24-79E2-9A0A-B365-F949CA103D8C</generatorID>
<ownerDesignName>bazadanychwpracy</ownerDesignName>
<indexState>Foreign Key</indexState>
<isSurrogateKey>false</isSurrogateKey>
<indexColumnUsage>
<colUsage columnID="B41F0F1C-73A8-1CBB-EB8D-390818060DC1"/>
</indexColumnUsage>
</ind_PK_UK>
<ind_PK_UK id="A524F730-9226-D6C4-ADAB-A36A452BCA75" name="Question_Product_FK">
<createdBy>karol</createdBy>
<createdTime>2024-01-09 22:38:40 UTC</createdTime>
<generatorID>1761565A-7BB6-3BF8-FCA9-8665558F0F0A</generatorID>
<ownerDesignName>bazadanychwpracy</ownerDesignName>
<indexState>Foreign Key</indexState>
<isSurrogateKey>false</isSurrogateKey>
<indexColumnUsage>
<colUsage columnID="61241A5A-C09E-EF2C-AB4F-982BBE8CF737"/>
</indexColumnUsage>
</ind_PK_UK>
</indexes>
</Table>