<?xml version = '1.0' encoding = 'UTF-8'?>
<Table class="oracle.dbtools.crest.model.design.relational.Table" directorySegmentName="seg_0" id="958979FA-76CE-EB8A-4A90-CFCFA2EB527C" name="Product">
<createdBy>karol</createdBy>
<createdTime>2024-01-09 22:38:40 UTC</createdTime>
<generatorID>DFC9FCB9-BB16-5962-5A40-8765354D1A0D</generatorID>
<ownerDesignName>bazadanychwpracy</ownerDesignName>
<allowColumnReorder>false</allowColumnReorder>
<existDependencyGenerateInDDl>true</existDependencyGenerateInDDl>
<parsed>true</parsed>
<columns itemClass="oracle.dbtools.crest.model.design.relational.Column">
<Column name="ProductKey" id="49B258E8-86E2-25CB-A63B-262E0342E577">
<createdBy>karol</createdBy>
<createdTime>2024-01-09 22:38:40 UTC</createdTime>
<generatorID>07F6E527-29C7-B955-58F2-C7E9E0961FA9</generatorID>
<ownerDesignName>bazadanychwpracy</ownerDesignName>
<useDomainConstraints>false</useDomainConstraints>
<use>1</use>
<logicalDatatype>LOGDT011</logicalDatatype>
<ownDataTypeParameters>,,</ownDataTypeParameters>
<autoIncrementCycle>false</autoIncrementCycle>
</Column>
<Column name="Code" id="2E8A248E-9196-60AA-B53C-BA3EB22AEE83">
<createdBy>karol</createdBy>
<createdTime>2024-01-09 22:38:40 UTC</createdTime>
<generatorID>158BFC5A-F1B5-899A-F9E2-C4E5A6C13EB3</generatorID>
<ownerDesignName>bazadanychwpracy</ownerDesignName>
<useDomainConstraints>false</useDomainConstraints>
<use>1</use>
<logicalDatatype>LOGDT024</logicalDatatype>
<dataTypeSize>10 CHAR</dataTypeSize>
<ownDataTypeParameters>10 CHAR,,</ownDataTypeParameters>
<autoIncrementCycle>false</autoIncrementCycle>
</Column>
<Column name="Name" id="F8272F81-566F-862E-9857-86F533E4EEDF">
<createdBy>karol</createdBy>
<createdTime>2024-01-09 22:38:40 UTC</createdTime>
<generatorID>9861F678-1A35-CA36-A064-275A8E0C0C7D</generatorID>
<ownerDesignName>bazadanychwpracy</ownerDesignName>
<useDomainConstraints>false</useDomainConstraints>
<use>1</use>
<logicalDatatype>LOGDT024</logicalDatatype>
<dataTypeSize>50 CHAR</dataTypeSize>
<ownDataTypeParameters>50 CHAR,,</ownDataTypeParameters>
<autoIncrementCycle>false</autoIncrementCycle>
</Column>
<Column name="SalesPointKey" id="C27830B0-A5E7-F0D4-93A7-670BE68DD5D9">
<createdBy>karol</createdBy>
<createdTime>2024-01-09 22:38:40 UTC</createdTime>
<generatorID>36D9C970-08C2-68F9-5297-4C81D2E1789C</generatorID>
<ownerDesignName>bazadanychwpracy</ownerDesignName>
<useDomainConstraints>false</useDomainConstraints>
<use>1</use>
<logicalDatatype>LOGDT011</logicalDatatype>
<ownDataTypeParameters>,,</ownDataTypeParameters>
<previousColumn>false</previousColumn>
<autoIncrementCycle>false</autoIncrementCycle>
<associations>
<colAssociation fkAssociation="31CF153B-2A81-2623-E484-9309286BAA79" referredColumn="DD4E72E5-DDD0-2E0D-AF88-923E823E45E2"/>
</associations>
</Column>
<Column name="ProductSubcategoryKey" id="F9B9A021-C6F2-F109-6BF1-9BD26D3F19EE">
<createdBy>karol</createdBy>
<createdTime>2024-01-09 22:38:40 UTC</createdTime>
<generatorID>D50DC6BA-6D36-AC0E-F624-FB13C26E6944</generatorID>
<ownerDesignName>bazadanychwpracy</ownerDesignName>
<useDomainConstraints>false</useDomainConstraints>
<use>1</use>
<logicalDatatype>LOGDT018</logicalDatatype>
<ownDataTypeParameters>,,</ownDataTypeParameters>
<previousColumn>false</previousColumn>
<autoIncrementCycle>false</autoIncrementCycle>
<associations>
<colAssociation fkAssociation="F115BB4A-F8CE-A2BC-585D-CE50D6056AB6" referredColumn="822AEA7C-9519-87DD-A2C1-68BD608793B3"/>
</associations>
</Column>
</columns>
<indexes itemClass="oracle.dbtools.crest.model.design.relational.Index">
<ind_PK_UK id="A2D80918-E473-2E6B-937E-9F7E64E17F96" name="Product_PK">
<createdBy>karol</createdBy>
<createdTime>2024-01-09 22:38:40 UTC</createdTime>
<generatorID>A039BC68-F5DC-2784-01D8-FF411DA2A9A2</generatorID>
<ownerDesignName>bazadanychwpracy</ownerDesignName>
<pk>true</pk>
<indexState>Primary Constraint</indexState>
<isSurrogateKey>false</isSurrogateKey>
<indexColumnUsage>
<colUsage columnID="49B258E8-86E2-25CB-A63B-262E0342E577"/>
</indexColumnUsage>
</ind_PK_UK>
<ind_PK_UK id="B4DD218D-568E-71B6-6FB9-8A6EBBD8B9BA" name="Product_Code_UN">
<createdBy>karol</createdBy>
<createdTime>2024-01-09 22:38:40 UTC</createdTime>
<generatorID>214E6EB1-5827-B588-6F3E-8CFD0DA09AF6</generatorID>
<ownerDesignName>bazadanychwpracy</ownerDesignName>
<indexState>Unique Constraint</indexState>
<isSurrogateKey>false</isSurrogateKey>
<indexColumnUsage>
<colUsage columnID="2E8A248E-9196-60AA-B53C-BA3EB22AEE83"/>
</indexColumnUsage>
</ind_PK_UK>
<ind_PK_UK id="CB923768-39D9-F5F8-392B-0B8490D81F79" name="Product_Name_UN">
<createdBy>karol</createdBy>
<createdTime>2024-01-09 22:38:40 UTC</createdTime>
<generatorID>57F8EC85-EFF6-F6E0-0A15-A671E0805E3F</generatorID>
<ownerDesignName>bazadanychwpracy</ownerDesignName>
<indexState>Unique Constraint</indexState>
<isSurrogateKey>false</isSurrogateKey>
<indexColumnUsage>
<colUsage columnID="F8272F81-566F-862E-9857-86F533E4EEDF"/>
</indexColumnUsage>
</ind_PK_UK>
<ind_PK_UK id="0B732397-8B08-A08B-0022-6ED98E00EA5E" name="Product_ProductSubcategory_FK">
<createdBy>karol</createdBy>
<createdTime>2024-01-09 22:38:40 UTC</createdTime>
<generatorID>66B582F3-D9E0-4220-C711-03BA08E3967D</generatorID>
<ownerDesignName>bazadanychwpracy</ownerDesignName>
<indexState>Foreign Key</indexState>
<isSurrogateKey>false</isSurrogateKey>
<indexColumnUsage>
<colUsage columnID="F9B9A021-C6F2-F109-6BF1-9BD26D3F19EE"/>
</indexColumnUsage>
</ind_PK_UK>
<ind_PK_UK id="F5A232D5-8F46-CF83-4434-901CAE886C33" name="Product_SalesPoint_FK">
<createdBy>karol</createdBy>
<createdTime>2024-01-09 22:38:40 UTC</createdTime>
<generatorID>9E393839-8679-7481-6C88-F31E19E4FFDA</generatorID>
<ownerDesignName>bazadanychwpracy</ownerDesignName>
<indexState>Foreign Key</indexState>
<isSurrogateKey>false</isSurrogateKey>
<indexColumnUsage>
<colUsage columnID="C27830B0-A5E7-F0D4-93A7-670BE68DD5D9"/>
</indexColumnUsage>
</ind_PK_UK>
</indexes>
</Table>