<?xml version = '1.0' encoding = 'UTF-8'?>
<Table class="oracle.dbtools.crest.model.design.relational.Table" directorySegmentName="seg_0" id="C002F3AF-0997-66BE-C097-EE1C5BE5C5BC" name="OrderStatus">
<createdBy>karol</createdBy>
<createdTime>2024-01-09 22:38:40 UTC</createdTime>
<generatorID>39FDB206-AE72-58FA-2588-29B836F58B19</generatorID>
<ownerDesignName>bazadanychwpracy</ownerDesignName>
<allowColumnReorder>false</allowColumnReorder>
<existDependencyGenerateInDDl>true</existDependencyGenerateInDDl>
<parsed>true</parsed>
<columns itemClass="oracle.dbtools.crest.model.design.relational.Column">
<Column name="OrderStatusKey" id="976B398C-34CA-2160-CAF5-04E443833F7E">
<createdBy>karol</createdBy>
<createdTime>2024-01-09 22:38:40 UTC</createdTime>
<generatorID>499D6085-C3BA-8D54-66C0-E4988457988B</generatorID>
<ownerDesignName>bazadanychwpracy</ownerDesignName>
<useDomainConstraints>false</useDomainConstraints>
<use>1</use>
<logicalDatatype>LOGDT018</logicalDatatype>
<ownDataTypeParameters>,,</ownDataTypeParameters>
<autoIncrementCycle>false</autoIncrementCycle>
</Column>
<Column name="Name" id="9752D2D1-7040-08AF-CBF1-2D39DF3A5C5F">
<createdBy>karol</createdBy>
<createdTime>2024-01-09 22:38:40 UTC</createdTime>
<generatorID>16FB46C2-D39A-C782-A9C5-42165879719E</generatorID>
<ownerDesignName>bazadanychwpracy</ownerDesignName>
<useDomainConstraints>false</useDomainConstraints>
<use>1</use>
<logicalDatatype>LOGDT024</logicalDatatype>
<dataTypeSize>50 CHAR</dataTypeSize>
<ownDataTypeParameters>50 CHAR,,</ownDataTypeParameters>
<autoIncrementCycle>false</autoIncrementCycle>
</Column>
</columns>
<indexes itemClass="oracle.dbtools.crest.model.design.relational.Index">
<ind_PK_UK id="EFC99DF4-533E-0807-31DF-80DCDA178DB5" name="OrderStatus_PK">
<createdBy>karol</createdBy>
<createdTime>2024-01-09 22:38:40 UTC</createdTime>
<generatorID>E8033997-C89E-46AD-AB05-C79B1A03220E</generatorID>
<ownerDesignName>bazadanychwpracy</ownerDesignName>
<pk>true</pk>
<indexState>Primary Constraint</indexState>
<isSurrogateKey>false</isSurrogateKey>
<indexColumnUsage>
<colUsage columnID="976B398C-34CA-2160-CAF5-04E443833F7E"/>
</indexColumnUsage>
</ind_PK_UK>
<ind_PK_UK id="8A9F4775-05A8-79C5-F892-A0CF8F3C0BF2" name="OrderStatus__Name_UN">
<createdBy>karol</createdBy>
<createdTime>2024-01-11 18:28:57 UTC</createdTime>
<ownerDesignName>bazadanychwpracy</ownerDesignName>
<indexState>Unique Constraint</indexState>
<isSurrogateKey>false</isSurrogateKey>
<indexColumnUsage>
<colUsage columnID="9752D2D1-7040-08AF-CBF1-2D39DF3A5C5F"/>
</indexColumnUsage>
</ind_PK_UK>
</indexes>
</Table>