<?xml version = '1.0' encoding = 'UTF-8'?>
<Table class="oracle.dbtools.crest.model.design.relational.Table" directorySegmentName="seg_0" id="E6322C4C-E9AD-2EDC-69B0-DB7176D76A63" name="OrderDetail">
<createdBy>karol</createdBy>
<createdTime>2024-01-09 22:38:40 UTC</createdTime>
<generatorID>CF3EFB76-9654-527C-C4E7-4A3362DFD298</generatorID>
<ownerDesignName>bazadanychwpracy</ownerDesignName>
<allowColumnReorder>false</allowColumnReorder>
<existDependencyGenerateInDDl>true</existDependencyGenerateInDDl>
<parsed>true</parsed>
<columns itemClass="oracle.dbtools.crest.model.design.relational.Column">
<Column name="OrderDetailKey" id="855EC5C0-2AFB-CED2-D769-A0C8022D7F61">
<createdBy>karol</createdBy>
<createdTime>2024-01-09 22:38:40 UTC</createdTime>
<generatorID>D1055F6C-9CD6-D75D-73A6-2F8B912CB821</generatorID>
<ownerDesignName>bazadanychwpracy</ownerDesignName>
<useDomainConstraints>false</useDomainConstraints>
<use>1</use>
<logicalDatatype>LOGDT027</logicalDatatype>
<ownDataTypeParameters>,,</ownDataTypeParameters>
<autoIncrementCycle>false</autoIncrementCycle>
</Column>
<Column name="Quantity" id="FA36551B-704C-48AB-2874-9EDF5C553498">
<createdBy>karol</createdBy>
<createdTime>2024-01-09 22:38:40 UTC</createdTime>
<generatorID>DAD8CA19-E881-38DA-A6AC-471282199C3A</generatorID>
<ownerDesignName>bazadanychwpracy</ownerDesignName>
<useDomainConstraints>false</useDomainConstraints>
<use>1</use>
<logicalDatatype>LOGDT019</logicalDatatype>
<dataTypePrecision>3</dataTypePrecision>
<ownDataTypeParameters>,3,</ownDataTypeParameters>
<autoIncrementCycle>false</autoIncrementCycle>
</Column>
<Column name="CatalogPrice" id="207BC22A-977E-D39D-D7A6-F1D99F06D749">
<createdBy>karol</createdBy>
<createdTime>2024-01-09 22:38:40 UTC</createdTime>
<generatorID>89AB82DE-D5CA-A496-395E-FE63771EF9FE</generatorID>
<ownerDesignName>bazadanychwpracy</ownerDesignName>
<useDomainConstraints>false</useDomainConstraints>
<use>1</use>
<logicalDatatype>LOGDT026</logicalDatatype>
<dataTypePrecision>10</dataTypePrecision>
<dataTypeScale>2</dataTypeScale>
<ownDataTypeParameters>,10,2</ownDataTypeParameters>
<autoIncrementCycle>false</autoIncrementCycle>
</Column>
<Column name="DiscountAmount" id="E903F476-7496-284C-2500-3896768D97FC">
<createdBy>karol</createdBy>
<createdTime>2024-01-09 22:38:40 UTC</createdTime>
<generatorID>119B58B9-4980-8215-B5CA-AF937DBDFC34</generatorID>
<ownerDesignName>bazadanychwpracy</ownerDesignName>
<nullsAllowed>true</nullsAllowed>
<useDomainConstraints>false</useDomainConstraints>
<use>1</use>
<logicalDatatype>LOGDT026</logicalDatatype>
<dataTypePrecision>10</dataTypePrecision>
<dataTypeScale>2</dataTypeScale>
<ownDataTypeParameters>,10,2</ownDataTypeParameters>
<autoIncrementCycle>false</autoIncrementCycle>
</Column>
<Column name="DiscountPercentage" id="A23EA9BB-01FB-CECE-39EF-1C55ED9787B5">
<createdBy>karol</createdBy>
<createdTime>2024-01-09 22:38:40 UTC</createdTime>
<generatorID>6833FB6C-E472-A491-453C-5733B99006DD</generatorID>
<ownerDesignName>bazadanychwpracy</ownerDesignName>
<nullsAllowed>true</nullsAllowed>
<useDomainConstraints>false</useDomainConstraints>
<use>1</use>
<logicalDatatype>LOGDT026</logicalDatatype>
<dataTypePrecision>2</dataTypePrecision>
<dataTypeScale>2</dataTypeScale>
<ownDataTypeParameters>,2,2</ownDataTypeParameters>
<autoIncrementCycle>false</autoIncrementCycle>
</Column>
<Column name="TransactionPrice" id="AE384E87-2200-D7D8-8C7C-55E51DAB60F5">
<createdBy>karol</createdBy>
<createdTime>2024-01-09 22:38:40 UTC</createdTime>
<generatorID>87F1DC0E-9B74-7DA9-8C60-3159FEFD84DF</generatorID>
<ownerDesignName>bazadanychwpracy</ownerDesignName>
<useDomainConstraints>false</useDomainConstraints>
<use>1</use>
<logicalDatatype>LOGDT026</logicalDatatype>
<dataTypePrecision>10</dataTypePrecision>
<dataTypeScale>2</dataTypeScale>
<ownDataTypeParameters>,10,2</ownDataTypeParameters>
<autoIncrementCycle>false</autoIncrementCycle>
</Column>
<Column name="ProductKey" id="4B5CD5BD-55BD-3994-2C40-F147CEC41712">
<createdBy>karol</createdBy>
<createdTime>2024-01-09 22:38:40 UTC</createdTime>
<generatorID>8696DB06-DFAA-BCB8-0043-F4B255A1FE05</generatorID>
<ownerDesignName>bazadanychwpracy</ownerDesignName>
<useDomainConstraints>false</useDomainConstraints>
<use>1</use>
<logicalDatatype>LOGDT011</logicalDatatype>
<ownDataTypeParameters>,,</ownDataTypeParameters>
<previousColumn>false</previousColumn>
<autoIncrementCycle>false</autoIncrementCycle>
<associations>
<colAssociation fkAssociation="ED030342-7F70-5E62-E61B-5E0DE2601229" referredColumn="49B258E8-86E2-25CB-A63B-262E0342E577"/>
</associations>
</Column>
<Column name="RefundKey" id="795D0745-EE35-AA57-2AF2-D67140F84748">
<createdBy>karol</createdBy>
<createdTime>2024-01-09 22:38:40 UTC</createdTime>
<generatorID>5DAAB3D7-4EFC-EC1A-66C8-B5DE62F34298</generatorID>
<ownerDesignName>bazadanychwpracy</ownerDesignName>
<nullsAllowed>true</nullsAllowed>
<useDomainConstraints>false</useDomainConstraints>
<use>1</use>
<logicalDatatype>LOGDT011</logicalDatatype>
<ownDataTypeParameters>,,</ownDataTypeParameters>
<previousColumn>false</previousColumn>
<autoIncrementCycle>false</autoIncrementCycle>
<associations>
<colAssociation fkAssociation="F9D94FCF-1715-4B69-B0E8-EDABF88F9986" referredColumn="20C804C0-7512-218D-899B-89D51432DFCC"/>
</associations>
</Column>
<Column name="OrderKey" id="97C8ECE2-6F33-9C97-BAE3-705375BBDE82">
<createdBy>karol</createdBy>
<createdTime>2024-01-09 22:38:40 UTC</createdTime>
<generatorID>681C235A-A20F-5C16-0AF9-DF53B5BE39B0</generatorID>
<ownerDesignName>bazadanychwpracy</ownerDesignName>
<useDomainConstraints>false</useDomainConstraints>
<use>1</use>
<logicalDatatype>LOGDT027</logicalDatatype>
<ownDataTypeParameters>,,</ownDataTypeParameters>
<previousColumn>false</previousColumn>
<autoIncrementCycle>false</autoIncrementCycle>
<associations>
<colAssociation fkAssociation="882830BA-76BD-A7CD-A61B-CB57D6354745" referredColumn="F637BEAB-EC47-D166-32DC-804D2DA5B0C9"/>
</associations>
</Column>
</columns>
<indexes itemClass="oracle.dbtools.crest.model.design.relational.Index">
<ind_PK_UK id="B349A97E-DC50-7570-9A56-FD808F5D3270" name="OrderDetail_PK">
<createdBy>karol</createdBy>
<createdTime>2024-01-09 22:38:40 UTC</createdTime>
<generatorID>CB73158F-8109-FCCF-29DA-80BDDD08E1B0</generatorID>
<ownerDesignName>bazadanychwpracy</ownerDesignName>
<pk>true</pk>
<indexState>Primary Constraint</indexState>
<isSurrogateKey>false</isSurrogateKey>
<indexColumnUsage>
<colUsage columnID="855EC5C0-2AFB-CED2-D769-A0C8022D7F61"/>
<colUsage columnID="97C8ECE2-6F33-9C97-BAE3-705375BBDE82"/>
</indexColumnUsage>
</ind_PK_UK>
<ind_PK_UK id="93A81DF5-F51E-E877-706D-091AA61D9CAF" name="OrderDetail__IDX">
<createdBy>karol</createdBy>
<createdTime>2024-01-09 22:38:40 UTC</createdTime>
<ownerDesignName>bazadanychwpracy</ownerDesignName>
<indexState>Unique Plain Index</indexState>
<isSurrogateKey>false</isSurrogateKey>
<relationGeneratorID>B3542F0F-1506-B348-21C4-664D1A0FF706</relationGeneratorID>
<indexColumnUsage>
<colUsage columnID="795D0745-EE35-AA57-2AF2-D67140F84748"/>
</indexColumnUsage>
</ind_PK_UK>
<ind_PK_UK id="060D4F0C-9037-4747-CF6C-38053998B4F8" name="OrderDetail_Refund_FK">
<createdBy>karol</createdBy>
<createdTime>2024-01-09 22:38:40 UTC</createdTime>
<generatorID>B3542F0F-1506-B348-21C4-664D1A0FF706</generatorID>
<ownerDesignName>bazadanychwpracy</ownerDesignName>
<indexState>Foreign Key</indexState>
<isSurrogateKey>false</isSurrogateKey>
<indexColumnUsage>
<colUsage columnID="795D0745-EE35-AA57-2AF2-D67140F84748"/>
</indexColumnUsage>
</ind_PK_UK>
<ind_PK_UK id="3CF1FCCE-164B-BBDD-141E-3B063F861560" name="OrderDetail_Product_FK">
<createdBy>karol</createdBy>
<createdTime>2024-01-09 22:38:40 UTC</createdTime>
<generatorID>0FB7DCEF-2710-0501-54C8-093B9CED694F</generatorID>
<ownerDesignName>bazadanychwpracy</ownerDesignName>
<indexState>Foreign Key</indexState>
<isSurrogateKey>false</isSurrogateKey>
<indexColumnUsage>
<colUsage columnID="4B5CD5BD-55BD-3994-2C40-F147CEC41712"/>
</indexColumnUsage>
</ind_PK_UK>
<ind_PK_UK id="02C651E4-9ABE-F03E-7FDE-D9539DC33B57" name="OrderDetail_OrderHeader_FK">
<createdBy>karol</createdBy>
<createdTime>2024-01-09 22:38:40 UTC</createdTime>
<generatorID>71AADB6C-152A-9201-60A2-4BCA266D97CE</generatorID>
<ownerDesignName>bazadanychwpracy</ownerDesignName>
<indexState>Foreign Key</indexState>
<isSurrogateKey>false</isSurrogateKey>
<indexColumnUsage>
<colUsage columnID="97C8ECE2-6F33-9C97-BAE3-705375BBDE82"/>
</indexColumnUsage>
</ind_PK_UK>
</indexes>
</Table>