<?xml version = '1.0' encoding = 'UTF-8'?>
<Table class="oracle.dbtools.crest.model.design.relational.Table" directorySegmentName="seg_0" id="F5124134-63E7-0B5D-4FD4-697A42B15D34" name="PaymentMethod">
<createdBy>karol</createdBy>
<createdTime>2024-01-09 22:38:40 UTC</createdTime>
<generatorID>EDFEB0B6-5796-811E-AECB-7126FBE63775</generatorID>
<ownerDesignName>bazadanychwpracy</ownerDesignName>
<allowColumnReorder>false</allowColumnReorder>
<existDependencyGenerateInDDl>true</existDependencyGenerateInDDl>
<parsed>true</parsed>
<columns itemClass="oracle.dbtools.crest.model.design.relational.Column">
<Column name="PaymentMethodKey" id="9A80BDA5-C290-874F-672C-9D2CEAE88BA3">
<createdBy>karol</createdBy>
<createdTime>2024-01-09 22:38:40 UTC</createdTime>
<generatorID>E1996F7F-8E12-B071-4921-64EA61835579</generatorID>
<ownerDesignName>bazadanychwpracy</ownerDesignName>
<useDomainConstraints>false</useDomainConstraints>
<use>1</use>
<logicalDatatype>LOGDT018</logicalDatatype>
<ownDataTypeParameters>,,</ownDataTypeParameters>
<autoIncrementCycle>false</autoIncrementCycle>
</Column>
<Column name="Name" id="D558C299-9A25-0AD1-4E6F-F1C98B9968BD">
<createdBy>karol</createdBy>
<createdTime>2024-01-09 22:38:40 UTC</createdTime>
<generatorID>6A7493F3-405F-B31C-1523-9FDA9A31A77A</generatorID>
<ownerDesignName>bazadanychwpracy</ownerDesignName>
<sourceType>Manual</sourceType>
<useDomainConstraints>false</useDomainConstraints>
<use>1</use>
<structuredType>47E390DE-0671-C4B1-8428-0F45CBEE18F8</structuredType>
<logicalDatatype>LOGDT024</logicalDatatype>
<dataTypeSize>50 CHAR</dataTypeSize>
<ownDataTypeParameters>50 CHAR,,</ownDataTypeParameters>
<autoIncrementCycle>false</autoIncrementCycle>
</Column>
</columns>
<indexes itemClass="oracle.dbtools.crest.model.design.relational.Index">
<ind_PK_UK id="5A33A509-9237-3CE1-E557-D248246A91B3" name="PaymentMethod_PK">
<createdBy>karol</createdBy>
<createdTime>2024-01-09 22:38:40 UTC</createdTime>
<generatorID>A34D4993-5DBA-F282-7FD6-B214D28012A2</generatorID>
<ownerDesignName>bazadanychwpracy</ownerDesignName>
<pk>true</pk>
<indexState>Primary Constraint</indexState>
<isSurrogateKey>false</isSurrogateKey>
<indexColumnUsage>
<colUsage columnID="9A80BDA5-C290-874F-672C-9D2CEAE88BA3"/>
</indexColumnUsage>
</ind_PK_UK>
<ind_PK_UK id="5C715B6E-379B-18C5-A502-EDB4C95F0DC9" name="PaymentMethod_Name_UN">
<createdBy>karol</createdBy>
<createdTime>2024-01-09 22:38:40 UTC</createdTime>
<generatorID>F389E031-64E9-7F7A-DB06-DDAB28454C0B</generatorID>
<ownerDesignName>bazadanychwpracy</ownerDesignName>
<indexState>Unique Constraint</indexState>
<isSurrogateKey>false</isSurrogateKey>
<indexColumnUsage>
<colUsage columnID="D558C299-9A25-0AD1-4E6F-F1C98B9968BD"/>
</indexColumnUsage>
</ind_PK_UK>
</indexes>
</Table>