<?xml version = '1.0' encoding = 'UTF-8'?>
<relationalModel class="oracle.dbtools.crest.model.design.relational.RelationalDesign" name="Relational_3" id="3275A62E-2A39-891F-D0EB-03CC6A837B93" mainViewID="A1EE1135-493E-520B-1477-A360A021E3C3">
<createdBy>karol</createdBy>
<createdTime>2024-01-16 09:16:20 UTC</createdTime>
<ownerDesignName>bazadanychwpracy</ownerDesignName>
<shouldBeOpen>true</shouldBeOpen>
<selectedRDBMSSite>32076570-2523-435C-2E92-BF29817DFF70</selectedRDBMSSite>
</relationalModel>